"A1","A2a","A2b","A3","A4","A5","A6","A6_dn","A7_GAS","A7_ELECT","A7_OIL","A7t_LPG","A7_COAL","A7_WOODBIO","A8_boil_more_10","A8_boil_average","A8_boil_condensing","A8_boil_new","A8_boil_unknown","A8_boil_manual","A8_boil_automatic","A8_modern_storage","A8_old_storage","A8_roomheaters","A8_oil_coal_heaters","A8_wood_bio_stove","A8_openfire","A8_heatingsystem_other","A8_OTHER","A9","A10","A10_OTHER","A11","A11_TEMP","A12","A12_TEMP","A13","A14","A15","A15_GAS","A15_GASBP","A15_GASkw","A15_ELECTRICITY","A15_ELEBP","A15_ELEkw","A15_OIL","A15_OILBP","A15_OILL","A15_LPG","A15_LGPBP","A15_LPGL","A15_COAL","A15_COLBP","A15_COLkg","A15_WOOD_BIOMASS","A15_BIOBP","A15_BIOkg","A16","A17_renewa_solar","A17_renewa_photovolt","A17_renewa_windturb","A17_renewa_groundheatpump","A17_renewa_woodbio","A17_renewa_hydropow","A17_renewa_airheatpump","A17_renewa_idont","A18_Loft","A18_Loft_thickness","A18_Cavitywall","A18_Solidwall","A18_Underfloor","A18_Draughtexclusion","A18_Doubleglazing","A18_Doubleglazingpercent","A18_Idontknow","A19","A20","A21","A22_numberfridgefreezer","A22_agefridgefreezer","A22_efficiencyfridgfreez","t1_numberfridge","A22_agefridge","A22_efficiencyfridge","t1_numberfreezer","A22_agefreezer","A22_efficiencyfreezer","t1_numberdishwasher","A22_agedishwashers","A22_efficiencydishwasher","t1_dryer","A22_agedryer","A22_efficiencydryer","t1_washingmachine","A22_agewashingmachine","A22_efficiencywashing","A23","A24","A25","A26","A27","A28","A29","A30","A31","A32","A33","A34_TVst","A34_TVlcd","A34_Tvpla","A34_Sat","A34_Cabl","A34_Freev","A34_DVD","A34_VCR","A34_PVR","A34_PC","A34_LapPC","A34_Inkj","A34_Lasr","A34_Scan","A34_Mobch","A34_Othch","A35","A36","A37","UR_2","UR_6","ID"
4,5,,1,3,2,,1,1,,,,,,,,,1,,,,,,,,,1,,,2,2,,3,,3,,2,3,1,2,60,,2,40,,1,,,1,,,4,30,,1,,,1,,,,,,,,1,1,6,,,,,1,1,,35,10,5,1,1,10,0,,,0,,,1,2,10,1,1,10,1,1,10,1,2,1,9,2,7,1,1,7,7,5,,1,,,,1,1,,,1,1,1,,,2,5,,4,1,"Urban","Large Urban Areas",1
2,4,,1,3,1,,,,,,1,,,1,,,,,,,,,1,,1,1,,,1,2,,3,,3,,1,3,1,,,,3,,3123,,,,3,,2786,3,120,,1,,,2,,,,,,,,1,1,4,1,,,1,1,2,,60,20,5,0,,,1,1,2,2,1,10,0,,,0,,,1,2,10,1,2,2,2,1,7,1,2,1,7,1,,2,,,,,1,,,,2,1,,,2,,4,3,3,"Rural","Accessible Rural",2
2,5,,1,3,2,2010,,1,,,,,,,1,,,,,,,,,,,1,,,1,2,,3,,2,,2,3,1,2,38,,2,35,,1,,,1,,,1,,,1,,,2,,,,,,,,1,1,5,,,,,1,1,,30,15,6,1,1,3,0,,,0,,,1,4,10,1,1,5,1,1,3,1,2,1,3,1,6,2,2,0,7,5,0,1,0,1,0,0,0,0,0,0,2,1,0,,3,3,4,4,1,"Urban","Large Urban Areas",3
5,1,,1,4,2,,1,1,,,,,,,1,1,,,,,,,,,,,,,2,2,,3,,3,,3,3,2,,,,,,,,,,,,,,,,,,,2,,,,,,,,1,1,,1,,,,1,1,,53,14,5,0,,,1,1,10,1,1,3,1,3,10,1,1,3,1,1,3,1,2,1,5,2,7,1,2,0,7,7,1,,,,,1,1,,,1,1,1,,,1,1,4,3,1,"Urban","Accessible Small Towns",4
1,3,1,1,1,1,,1,,1,,,,,,,,,,,,,,1,,,,,,1,1,,3,,3,,2,3,,1,,,2,54,,1,,,1,,,1,,,1,,,,,,,,,,,1,1,,,,,1,1,1,,17,16,3,1,1,2,0,,,0,,,0,,,0,,,1,1,3,2,2,1,2,1,6,1,2,0,3,10,,1,,,,1,1,,,1,1,1,,1,1,2,3,3,2,"Urban","Large Urban Areas",5
2,4,,2,3,1,,1,,1,,,,,,,,,,,,1,1,,1,,1,,,1,1,,,,,,2,2,,1,,,2,240,,1,,,1,,,1,,,,200,,3,,,,,,,,1,1,4,,,,,,,,21,8,6,0,,,1,1,3,1,1,3,0,,,1,1,3,1,,10,3,2,1,1,2,6,2,2,0,4,15,,1,,,,1,1,,,,,,1,,1,4,4,4,1,"Rural","Accessible Rural",7
2,4,,1,4,2,,1,,,1,,,,1,,,,,,,,,,,,,,,1,2,,3,,3,,2,3,1,,,,2,42,,3,,2600,,,,,,,,,,1,,,,,,,,1,1,,,,,,1,1,,35,9,7,1,1,1,0,,,1,1,6,1,1,2,0,,,1,1,2,2,2,1,3,2,6,2,1,0,7,10,1,,,1,,,1,1,,2,,1,,1,2,1,1,4,2,"Rural","Accessible Rural",9
3,5,,1,3,2,2010,,1,,,,,,,1,,,,,,,,,,,1,,,2,2,,1,1,1,1,1,3,1,2,85,,2,50,,1,,,1,,,3,90,,1,,,3,,,,,,,,1,1,5,,1,,1,1,1,,43,41,7,1,1,3,0,,,1,1,3,1,2,3,1,2,10,1,2,10,1,2,1,7,2,6,1,1,0,5,2,,2,,,,2,2,1,,1,1,1,,1,,5,2,4,5,"Urban","Other Urban Areas",10
2,4,,1,5,3,1999,,1,,,,,,1,,,,,,,,,,,,,,,1,2,,3,,1,,2,3,1,2,,18000,2,,5000,1,,,1,,,1,,,1,,,1,,,,,,,,1,1,9,1,,1,1,1,1,,40,4,6,0,,,1,1,4,2,3,4,1,3,3,1,1,5,1,1,4,1,2,1,2,1,6,1,2,0,7,3,0,3,0,0,0,0,1,0,1,1,1,1,,,2,,4,4,2,"Urban","Large Urban Areas",14
2,3,2,2,3,1,1995,,,1,,,,,,,,,,,,,,1,,,,,,8,1,,3,,3,,2,3,1,1,,,2,253,,1,,,1,,,1,,,1,,,1,,,,,,,,1,1,2,,,,,1,1,,20,17,2,1,1,,1,2,10,0,,,0,,,0,,,1,1,5,3,2,1,10,1,1,3,1,0,7,5,0,2,0,0,0,1,0,0,1,2,2,0,1,0,3,3,2,1,3,"Urban","Large Urban Areas",19
2,4,,1,4,1,,1,,,1,,1,1,,1,,,,,,,,,,,,,,3,6,"electric shower",3,,3,,2,3,1,1,,,4,456,,4,500,,1,,,4,150,,4,60,,2,,,,,,,,1,1,7,,,,,1,1,,40,35,6,1,1,2,0,,,0,,,1,1,10,0,,,1,1,10,2,2,1,3,2,6,1,2,0,5,5,,2,,,,1,1,,,,2,1,,,2,,,,1,"Rural","Accessible Rural",21
2,5,,1,2,1,1985,,,,1,,,,,,,1,,,,,1,,,,1,,,3,2,,1,13,3,,3,3,1,1,,,2,60,,2,75,,,,,4,60,,,,,3,,,,,,,,1,,,,,1,1,1,1,,17,7,7,1,1,2,,,,,,,,,,1,2,10,1,1,3,2,2,1,1,2,6,1,1,0,5,10,,2,,2,,,2,1,,1,1,1,,,2,4,3,3,5,"Rural","Accessible Rural",22
2,4,,1,5,2,2007,,1,,,,,,,1,1,,,,,,,,,,,,,1,2,,3,,1,10,2,3,1,2,62,,2,75,,1,,,1,,,1,,,1,,,2,,,,,,,,1,1,6,1,,,,1,1,,100,70,6,2,1,2,0,,,1,2,10,1,2,2,1,2,10,1,1,2,1,2,1,3,2,7,1,1,0,7,4,,4,,3,,,2,,,1,1,1,,1,1,1,4,3,6,"Urban","Large Urban Areas",23
,5,,1,4,2,2008,,,,1,,,,,,1,1,,,,,,,,1,,,,3,2,,2,,1,10,2,3,1,1,,,2,25,140,3,,1000,1,,,1,,,3,150,,2,,,,,1,,,,1,4,,,1,,1,1,,36,30,5,1,1,3,,,,,,,1,4,10,,,,1,1,4,2,2,1,1,2,6,2,1,0,5,5,1,1,,,,1,1,,,1,1,1,,,,,2,4,4,"Rural","Accessible Rural",24
2,3,2,2,2,1,,1,1,,,,,,,1,,,,,,,,1,,,,,,2,1,,1,4,3,,2,2,1,3,190,5500,3,100,800,1,,,1,,,1,,,1,,,2,,,,,,,,1,,,,,,1,1,1,,22,17,6,1,1,10,0,,,0,,,0,,,0,,,1,1,10,1,2,1,2,1,6,2,1,0,5,10,0,0,0,0,0,0,0,0,0,1,2,0,0,0,3,5,4,3,2,"Urban","Large Urban Areas",28
1,3,2,1,1,2,1995,,1,,,,,,1,,1,,,,,,,1,,,,,,5,2,,3,,2,,2,3,,2,28,,,22,,1,,,1,,,1,,,1,,,2,,,,,,,,1,,,,,,,,1,,8,8,2,1,1,,0,,,0,,,0,,,0,,,1,1,,1,2,1,4,2,7,3,1,7,1,5,1,1,,1,,,,,1,,1,1,,,1,4,4,4,5,"Urban","Large Urban Areas",29
2,5,,1,4,1,1980,,1,,,,,,,,1,1,,,,,,,,,,,,4,2,,3,,3,,2,2,1,2,150,,2,50,,1,,,1,,,1,,,1,,,2,,,,,,,,1,1,2,,,,,,2,,30,28,6,0,2,10,1,1,,1,2,10,1,3,10,1,1,10,1,1,10,4,1,1,2,2,6,1,2,0,7,5,2,,,,,2,2,,,1,2,,,,2,,3,3,3,"Urban","Large Urban Areas",30
1,3,1,2,1,2,,1,,1,,,,,,,,,,,,,1,,,,,,,3,1,,2,,3,,2,3,1,1,,,3,150,,1,,,1,,,1,,,1,,,1,,,,,,,,1,1,2,,,,,1,1,,16,4,6,1,1,3,0,,,0,,,0,,,0,,,1,1,10,2,2,1,2,1,6,3,1,0,7,5,1,1,0,1,0,1,2,0,0,1,1,0,0,0,1,3,2,4,4,"Urban","Large Urban Areas",32
4,3,1,1,2,2,,,1,,,,,,,,1,1,,,,,,,,,,,,5,2,,3,,2,,2,3,,3,,,3,176.38,,1,135.33,,1,,,1,,,1,,,2,,,,,,,,1,,,,,,,1,1,,24,9,6,,,,1,1,10,1,1,10,1,3,10,,,,1,1,10,2,2,1,10,2,5,3,1,2,7,15,,2,,1,,,1,,,,1,,1,,2,1,2,2,6,"Urban","Large Urban Areas",34
1,6,,1,2,2,,1,1,,,,,,,,1,,,,,,,,,,,,,1,2,,3,,3,,,3,,5,40,,5,30,,1,,,1,,,1,,,1,,,2,,,,,,,,1,1,5,,,,1,1,1,,17,10,7,1,1,,0,,,0,,,0,,,0,,,1,1,,1,1,1,4,2,5,1,2,0,8,10,1,1,,1,,,,,,1,1,1,,,2,,3,4,3,"Urban","Large Urban Areas",37
2,5,,1,2,1,,1,1,,,,,,,1,,,,,,,,,,,,,,1,2,,3,,3,,2,3,1,2,60,,2,50,,1,,,1,,,1,,,1,,,2,,,,1,,,,,,,,,,1,1,1,1,20,12,7,1,1,10,0,,,0,,,1,2,10,0,,,1,1,10,3,2,1,4,2,7,2,1,1,4,20,0,1,0,1,0,0,1,0,0,1,2,0,1,0,3,6,2,3,3,"Urban","Large Urban Areas",42
2,6,,1,3,3,2010,,,1,,,,,,,,,,,,1,,,,,,,,5,1,,2,,3,,3,3,1,1,,,2,85,,,,,,,,,,,,,,3,,,,,,,,1,1,6,1,,,,1,1,,20,14,7,1,1,4,0,,,0,,,0,,,1,1,10,1,1,10,2,2,1,11,2,7,1,1,0,7,7,,1,,,,1,1,,1,1,2,2,,2,2,2,1,4,4,"Urban","Other Urban Areas",43
4,4,,1,4,3,2004,,,,1,,,,,1,,,,,,,,,,,,,,1,2,,3,,2,,2,3,1,,,,2,50,,3,,2000,,,,,,,,,,1,,,,,,,,1,1,8,,,,,1,1,,50,45,7,1,1,10,0,,,1,1,10,1,2,10,1,1,10,1,1,10,2,2,1,8,2,7,1,1,0,8,7,,1,,,,1,1,,1,0,3,2,,1,4,4,3,3,3,"Rural","Accessible Rural",46
3,4,,1,4,3,,,,,,,,1,,,,,,,,,,,,1,,1,"PASSIV HAUS= SOLAR",2,4,"WOOD STOVE",,,,,2,3,1,1,,,2,30,,1,,,1,,,1,,,4,30,,2,1,,,,1,,,,1,9,1,,1,1,1,1,,20,20,6,0,,,1,1,1,1,1,1,1,1,2,0,,,1,1,3,3,2,2,5,2,7,1,1,1,3,10,0,0,0,0,0,0,0,0,0,1,1,1,0,0,1,1,4,3,,"Rural","Accessible Rural",49
3,4,,1,4,2,2002,,1,,,,,,1,,,,,,,,,,,,,,,1,2,,3,,3,,,,1,,,28444,2,,,1,,,1,,,1,,,1,,,2,,,,,,,,1,1,,,,,,1,1,,18,15,6,1,1,10,0,,,1,1,10,0,,,1,1,10,1,1,10,1,2,1,20,2,6,1,1,0,12,2,,4,,1,,3,1,1,,1,1,1,,,3,2,3,3,6,"Rural","Remote Small Towns",50
5,3,2,1,3,1,2010,,1,,,,1,,,1,,,,,,,,,,,1,,,2,2,,3,,3,,3,3,1,2,,,2,,,1,,,1,,,3,90,,1,,,2,,,,,,,,1,,,,,1,,1,1,,39,11,6,1,1,3,0,,,0,,,1,3,3,1,1,4,1,1,3,2,2,2,3,2,6,1,1,1,17,7,1,,,,,1,1,,,1,1,1,,,4,6,4,2,4,"Urban","Large Urban Areas",53
3,6,,1,4,1,,1,1,,,,,,,,1,1,,,,,,,,,,,,2,2,,3,,,,2,3,1,3,350,,3,125,,1,,,1,,,1,,,1,,,2,,,,,,,,1,,,,,,,1,1,,21,12,6,0,,,1,1,2,1,1,2,1,3,10,1,1,10,1,1,10,1,2,1,8,1,6,2,1,0,20,15,1,0,0,1,0,0,1,1,0,0,1,1,0,0,1,4,1,3,5,"Urban","Large Urban Areas",54
2,1,,1,4,3,2009,,1,,,,,,1,,,,,,,,,,,,,,,1,2,,1,6,1,10,2,3,1,2,,31200,2,,2100,1,,,1,,,1,,,1,,,1,,,,,,,,1,1,8,,,1,1,1,1,,,,5,1,1,2,0,,,0,1,2,1,1,2,1,3,10,1,1,3,1,2,1,2,1,7,1,2,1,7,8,1,0,0,0,0,0,0,0,1,2,2,1,,1,2,4,3,4,0,"Urban","Accessible Small Towns",55
2,4,,1,4,1,2007,,1,,,,,,,1,,,,,,,,,,,,,,1,2,,3,,3,,2,3,1,2,,2300,2,,300,1,,,1,,,1,,,1,,,1,,,,,,,,1,1,8,,,,,1,1,,22,18,7,1,1,10,0,,,0,,,1,1,3,1,1,10,1,1,3,3,2,1,5,2,7,3,2,0,14,4,1,1,,,,2,1,,1,1,,1,,1,2,1,3,3,3,"Urban","Large Urban Areas",60
4,4,,1,3,1,,1,,,,1,,,,,1,1,,,,,,1,,1,,,,1,2,,1,8,3,,2,3,1,,,,2,70,,,,,2,100,,,,,,,,1,,,,,,,,1,1,5,,,,,1,1,,32,8,7,1,1,10,0,,,0,,,1,1,10,1,1,10,1,,10,1,2,1,4,2,7,1,2,0,7,5,3,1,,1,,,1,1,,,3,1,,,3,3,2,4,3,"Rural","Accessible Rural",61
2,3,1,1,2,3,,,,1,,,,,,,,,,,,1,,,,,,,,1,1,,1,3,3,,2,3,1,1,,,2,63,,1,,,1,,,1,,,1,,,3,,,,,,,,1,1,6,,,1,,1,1,,12,12,7,0,,,1,1,,1,1,,0,,,0,,,1,1,,3,2,1,3,1,7,1,1,0,7,5,,2,,1,,1,,,,,2,,1,,2,3,4,3,1,,,63
2,5,,1,3,2,1970,,1,,,,,,,1,,,,,,,,,,1,,,,1,2,,3,,1,10,2,3,,,,,,,,,,,,,,,,,,,,2,,,,,,,,1,,,,,,,1,1,,14,7,6,0,,,1,1,3,1,1,10,0,,,0,,,1,,,1,2,1,3,2,7,1,1,10,2,5,,1,,,,1,1,,,1,1,,,,2,,3,3,1,"Urban","Large Urban Areas",64
2,3,2,1,2,3,,,,1,,,,,,,,,,,,1,,,,,,,,5,1,,3,,3,,3,2,,3,180,,,,,1,,,1,,,1,,,1,,,2,,,,,,,,1,,,,,,,1,1,,12,5,7,,,,1,1,10,1,1,10,0,,,0,,,1,1,10,2,2,1,2,1,7,3,1,1,6,5,,1,,1,,,1,,,,2,,,,2,2,2,3,3,"Urban","Large Urban Areas",68
3,3,1,2,2,2,,1,1,,,,,,,,1,,,,,,,,,,,,,3,2,,1,2,1,,2,3,1,,102.89,,,101.9,,1,,,1,,,1,,,1,,,2,,,,,,,,1,,,,,,,1,,,11,8,7,1,1,10,0,,,0,,,0,,,1,1,,1,1,,1,1,1,8,2,6,3,1,3,4,10,,2,,2,,,1,,,,2,1,,,3,4,2,3,4,"Urban","Large Urban Areas",69
4,4,,1,4,1,,,,,,1,,,,1,1,,,,,,,,,,,,,3,6,"LPG CONDENSING BOILER.",1,7,1,7,2,3,1,1,,,2,80,,1,,,2,120,,1,,,1,,,2,,1,,,,,,,1,8,,1,1,1,1,1,,67,67,5,2,1,2,0,,,0,,,1,3,3,1,1,10,1,1,3,3,2,1,11,2,6,2,1,7,0,20,,2,,2,,1,2,,,1,2,,2,1,2,4,2,3,1,"Rural","Remote Rural",70
2,3,2,1,1,1,,1,1,,,,,,1,,,,,,,,,,,,,,,1,2,,3,,3,,2,3,2,,,,,,,1,,,1,,,1,,,1,,,2,,,,,,,,1,,,,,,,1,1,,5,3,6,1,3,10,0,,,0,,,0,,,0,,,1,3,10,2,2,1,3,2,6,1,1,0,7,10,0,1,0,1,0,0,0,0,0,0,1,1,0,0,2,4,2,3,4,"Urban","Large Urban Areas",75
1,6,,1,3,1,,,1,,,,,,1,,,,,,,,,,,,1,,,,2,,3,,3,,2,3,,2,70,,2,40,,1,,,1,,,3,45,,3,15,,2,,,,,,,,1,1,2,,,,,1,3,,38,6,4,,,,1,2,10,1,1,10,1,3,10,1,1,10,1,1,10,2,2,1,5,2,5,1,1,1,7,5,5,1,,,,5,3,1,,,1,1,,1,1,1,3,3,,"Urban","Large Urban Areas",79
2,5,,1,3,2,,1,1,,,,,,1,,,,,,,,,,,,1,1,"ELECTRIC UNDERFLOOR BATHROOM",2,2,,3,,3,,3,3,1,3,196,,3,142,,1,,,1,,,3,70,,4,25,,1,,,,,,,,1,1,3,,,,,1,1,,50,10,6,1,1,3,0,,,0,,,1,3,10,0,,,1,1,10,1,2,2,3,2,7,1,2,0,7,12,0,1,0,0,0,1,1,0,0,1,3,1,0,0,2,8,3,1,1,"Rural","Accessible Rural",83
2,4,,1,3,1,,,,,1,,,1,,,,1,,,,,,,,1,,,,1,2,,1,15,1,10,2,3,1,1,,,4,1248,,4,1150,,1,,,1,,,1,,,2,,,,,,,,1,1,4,,1,1,,1,1,,41,32,7,1,1,4,0,,,1,1,4,1,1,3,1,1,4,1,1,4,2,2,1,7,2,7,1,2,0,7,10,1,,,1,,,1,1,,1,1,1,,,2,6,4,3,5,"Rural","Remote Rural",89
2,5,,1,2,3,2005,,,1,,,,,,,,,,,,,1,,,,,,,4,1,,2,,2,,2,3,1,1,,,2,55,,1,,,1,,,1,,,1,,,2,,,,,,,,1,1,3,1,,1,,1,1,,25,22,7,1,1,4,0,,,0,,,0,,,1,1,10,1,1,10,2,2,1,3,2,6,2,1,0,8,15,,2,,0,0,0,1,,1,1,,1,,,2,2,3,3,4,"Rural","Accessible Rural",92
3,6,,1,2,2,,1,1,,,,,,,,,1,,,,,,,,,,,,4,2,,3,,2,,2,3,1,2,29,,2,34,,,,,,,,,,,,,,2,,,,,,,,,1,6,1,,,,1,1,,9,5,4,1,1,5,,,,,,,,,,1,1,10,1,1,10,2,2,1,3,2,6,1,1,,8,10,,3,,,,1,1,,,1,1,1,,,3,2,1,3,6,"Urban","Large Urban Areas",93
3,4,,1,3,3,2005,,1,,,,,,,1,,,,,,,,,,,,,,3,2,,1,1,3,,2,3,1,2,46,,2,59,,1,,,1,,,1,,,1,,,2,,,,,,,,1,1,2,1,,,,1,1,,21,21,5,1,1,10,0,,,0,,,1,2,10,1,1,10,1,1,10,1,2,1,8,2,4,2,2,10,10,10,,1,,1,,,1,,,1,,1,,1,2,2,1,2,9,"Rural","Accessible Rural",96
3,6,,1,3,1,2011,,1,,,,,,,,,1,,,,,,,,,,,,3,2,,3,,3,,2,1,1,2,,,2,,,1,,,1,,,1,,,1,,,2,,,,,,,,1,1,,,,,,1,1,,50,3,4,1,1,2,1,1,4,0,,,1,3,10,0,,,1,1,3,1,2,1,12,1,5,1,2,0,24,6,,3,,1,,,1,,,0,3,1,0,1,3,15,1,2,4,"Urban","Large Urban Areas",101
4,4,,1,4,2,,1,1,,,,,,1,,,,,,,,,,,,,,,5,2,,3,,2,,2,3,,2,,,2,,,1,,,1,,,1,,,1,,,3,,,,,,,,1,1,2,1,,,,1,1,,28,6,6,1,1,10,1,1,10,1,1,10,1,1,3,,,,1,1,3,1,2,1,10,2,6,1,1,0,20,10,2,3,0,1,,1,2,1,1,2,2,1,,,3,3,3,3,5,"Rural","Accessible Rural",105
3,3,2,2,2,,2010,,1,,,,,,,1,,,,,,,,,,,,,,9,2,,2,,3,,2,3,1,3,,,3,,,1,,,1,,,1,,,1,,,2,,,,,,,,1,,,,,,,1,1,,8,8,7,1,1,10,0,,,0,,,0,,,0,,,1,1,10,2,2,1,5,3,5,3,1,0,8,7,0,0,1,0,0,1,0,0,0,0,3,1,0,1,4,5,3,3,1,"Urban","Large Urban Areas",109
4,7,,1,4,2,2005,,1,,,,,,,1,,,,,,,,,,,,,,1,2,,3,,3,,3,3,1,4,708.56,22353,4,712.7,5902,1,,,1,,,1,,,1,,,2,,,,,,,,1,1,4,1,,,,1,1,,41,28,6,1,1,2,0,,,0,,,1,3,10,1,1,3,1,1,3,2,2,1,8,2,6,1,1,0,6,5,,4,,2,,,1,,1,1,2,1,,,4,5,4,3,4,"Urban","Accessible Small Towns",110
4,4,,1,4,3,,,1,,,,,,1,,,,,,,,,,,,,,,4,1,,3,,3,,2,3,,3,185,,2,110,,1,,,1,,,1,,,1,,,2,,,,,,,,1,1,4,,,,,1,1,,34,5,6,1,1,4,2,2,10,1,1,4,1,1,3,1,1,4,1,1,4,2,2,1,8,2,6,2,1,0,7,10,,5,,1,,,4,,,1,2,1,,1,4,6,2,3,2,"Urban","Accessible Small Towns",113
3,3,2,1,3,2,,1,1,,,,,,1,,,,,,,,,,,,,,,4,2,,3,,3,,2,2,,3,200,,3,110,,1,,,1,,,1,,,1,,,2,,,,,,,,1,,,,,,,1,1,,25,0,5,1,1,10,0,,,0,,,0,,,1,1,10,1,1,10,1,2,1,6,2,6,2,1,3,3,3,,2,,1,,,1,,,1,1,1,,,3,,,3,3,"Urban","Large Urban Areas",115
1,3,1,2,1,2,,1,1,,,,,,,1,,,,,,,,,,,,,,2,2,,3,,3,,2,3,1,2,31,,2,25,,1,,,1,,,1,,,1,,,2,,,,,,,,1,1,1,,,,,1,1,,6,6,7,0,,,1,1,2,1,1,2,0,,,0,,,1,1,1,2,2,1,2,2,7,3,1,4,,,1,0,0,1,0,0,1,0,0,1,1,0,0,0,1,0,3,3,3,"Urban","Large Urban Areas",118
3,1,,1,4,3,,,,,1,,,,,,,1,,,,,,,,,,,,1,2,,3,,3,,2,3,2,,,,,,,,,,,,,,,,,,,1,,,,,,,,1,1,4,1,,1,1,1,1,,81,2,5,1,1,10,0,,,1,1,10,1,2,10,1,1,10,1,1,10,3,2,1,2,2,7,2,1,0,14,10,,1,,1,,,1,,,1,1,1,,1,1,1,3,3,2,"Rural","Remote Rural",123
3,2,,1,3,2,,1,1,,,,,,,,1,,,,,,,,,,,,,5,2,,3,,3,,1,2,1,2,50,,2,33,,1,,,1,,,1,,,1,,,2,,,,,,,,1,1,5,,1,1,,1,1,,24,15,7,1,1,10,,,,,,,1,3,5,,,,1,1,3,1,1,1,4,2,7,1,2,0,7,5,1,,,,,1,1,,,,1,,1,,1,3,,4,4,"Urban","Accessible Small Towns",128
2,3,1,1,2,2,,1,1,,,,,,,,,1,,,,,,1,,,1,,,5,2,,3,,3,,2,3,1,2,26,,2,36,,1,,,1,,,4,60,,1,,,3,,,,,,,,1,1,9,,,,1,1,1,,20,17,4,1,2,10,,,,,,,,,,,,,1,1,10,1,1,1,4,2,3,1,2,2,6,10,2,1,,,,2,2,2,,,2,1,,,2,,3,3,2,"Urban","Accessible Small Towns",131
2,3,2,2,2,2,,1,1,,,,,,,,,1,,,,,,,,,,,,4,2,,3,,3,,2,3,2,,,,,,,,,,,,,,,,,,,2,,,,,,,,,,,,,,,1,1,,17,12,7,0,,,1,1,3,1,1,3,0,,,1,1,4,1,1,4,1,1,1,6,2,7,1,3,0,7,5,,,2,,,,,,,1,1,1,,1,2,5,4,1,4,"Urban","Large Urban Areas",132
1,6,,1,2,1,,,1,,,,,,1,,,,,,1,1,,1,,,,,,5,2,,3,,3,,2,3,,4,480,,4,260,,1,,,1,,,1,,,1,,,2,,,,,,,,1,1,7,,,,,1,1,,14,6,7,1,1,4,0,,,0,,,0,,,0,,,1,1,4,1,1,1,2,2,1,2,1,3,0,,,1,,1,,,,,,1,1,1,,1,1,1,3,4,2,"Rural","Accessible Rural",137
3,7,,1,3,1,2009,,1,,,,,,,,,1,,,,,,,,,,,,4,2,,3,,3,,2,3,,3,250,,3,100,,1,,,1,,,1,,,1,,,2,,,,,,,1,,1,8,,,,,1,1,,23,10,5,1,1,,0,,,0,,,0,,,1,1,,1,1,,2,2,1,3,2,7,1,1,0,7,5,0,1,0,1,0,0,1,0,0,1,1,1,0,0,2,2,2,3,6,"Urban","Large Urban Areas",138
4,4,,1,4,3,,,1,,,,,,,1,,,,,,,,,,,,,,1,2,,3,,2,,2,3,1,3,280,,3,180,,1,,,1,,,1,,,1,,,3,,,,,,,,1,1,,,1,,,1,1,,77,39,6,1,1,10,0,,,1,1,5,1,3,10,1,1,10,1,1,10,1,2,1,10,2,6,2,1,0,8,15,2,4,0,0,0,5,3,0,1,1,0,0,1,0,2,2,2,3,3,"Rural","Accessible Rural",139
4,7,,1,3,3,,,1,,,,,,,,,1,,,,,,,,,,,,5,2,,3,,2,,2,3,1,4,1224,28825,2,83,,1,,,1,,,1,,,1,,,2,,,,,,,,1,1,8,1,,,1,1,1,,38,12,7,2,1,10,0,,,0,,,1,2,10,1,1,10,1,1,10,3,2,1,5,1,7,2,3,0,7,4,2,2,,1,,,,,,,1,,1,,2,2,2,3,5,"Urban","Large Urban Areas",144
2,4,,1,3,2,,1,1,,,,,,,,1,,,,,,,,,,,,,1,2,,1,5,1,10,2,3,1,2,67,,3,120,,1,,,1,,,1,,,1,,,2,,,,,,,,1,1,2,,,,,1,1,,27,10,5,0,,,1,1,5,1,2,10,1,2,10,1,2,10,1,2,10,2,2,1,6,2,6,1,2,3,5,5,1,1,,1,,,1,2,,1,,1,,,2,5,3,3,7,"Urban","Other Urban Areas",146
3,3,2,1,2,1,,1,1,,,,,,,,1,1,,,,,,,,,,,,5,2,,3,,3,,2,3,1,2,70,,2,70,,1,,,1,,,1,,,1,,,3,,,,,,,,1,,,,,,1,1,2,,22,10,7,1,1,3,0,,,1,1,3,0,,,0,,,1,1,3,2,2,1,5,2,7,3,1,0,7,15,0,2,0,0,0,0,0,0,0,0,2,0,1,0,2,1,2,3,8,"Urban","Large Urban Areas",155
2,5,,1,3,2,,1,1,,,,,,1,,,,,,,,,,,,,,,1,2,,3,,3,,2,3,1,2,79,,2,39,,1,,,1,,,1,,,1,,,2,,,,,,,,1,1,3,,,,,1,1,,25,8,5,1,1,10,,,,1,1,10,1,3,10,1,1,10,1,2,10,1,2,1,4,2,7,1,1,0,7,5,1,1,,1,,1,,,3,1,2,1,,,2,3,2,2,3,"Urban","Large Urban Areas",160
3,6,,1,3,2,,1,1,,,,,,,,,1,,,,,,,,,,,,4,2,,3,,3,,2,3,,5,60,,5,80,,1,,,1,,,1,,,1,,,2,,,,,,,,1,,,,,,,1,1,,16,8,7,1,1,10,0,,,0,,,1,2,10,1,1,10,1,1,3,2,2,1,4,2,5,3,2,0,5,30,,,1,1,,,,,,1,1,,,,2,2,3,4,3,"Urban","Large Urban Areas",162
3,5,,1,3,3,2008,,,,1,,,,,,,1,,,,,,,,,,,,2,2,,3,,1,10,2,2,1,1,,,2,45,,3,,1000,1,,,1,,,1,,,2,,,,,,,,1,1,9,1,,,,1,1,,30,21,6,1,1,10,0,,,1,1,6,1,2,3,1,1,10,1,1,3,2,2,1,8,2,5,1,2,0,7,10,,3,,,,1,,,1,,1,1,,,2,,1,3,4,"Rural","Accessible Rural",165
2,4,,1,6,1,,,,,1,,,,,1,,,,,,,,1,,1,1,,,1,1,,3,,,,2,,1,1,,,3,250,,3,,2200,1,,,1,,,1,,,2,,,,,,,,1,1,8,,,,1,1,1,,72,46,5,1,1,3,1,1,3,0,,,1,,3,1,,3,1,,3,4,,1,4,2,6,1,1,0,7,4,,1,,,,1,1,,,1,1,2,,1,2,2,3,3,3,"Rural","Remote Rural",167
2,4,,1,3,2,,1,1,,,,,,,,1,,,,,,,,,,,,,1,2,,3,,3,,3,3,1,2,90,8513,2,62,1669,1,,,1,,,1,,,1,,,3,,,,,,,,1,1,7,,,,,1,1,,12,12,5,1,1,3,0,,,0,,,1,,3,0,,,1,1,4,2,2,1,3,2,7,2,1,0,7,17,,,,,,1,1,,,1,2,,1,,2,5,3,3,4,"Rural","Accessible Rural",176
2,4,,1,3,3,2006,,1,,,,,,,,,1,,,,,,,,,,,,2,2,,3,,2,,2,3,,2,,,2,,,,,,,,,,,,,,,2,,,,,,,,1,,,1,,,,1,1,,26,2,6,1,1,3,0,,,0,,,1,1,10,0,,,1,1,10,1,2,1,3,2,6,1,1,,7,3,,2,,,,,1,,,,2,,1,,2,2,4,4,3,"Rural","Accessible Rural",183
2,1,,1,4,2,,1,,,1,,,1,,,1,1,,,,,,,,1,1,,,5,1,,3,,3,,2,3,1,,,,3,450,,3,,500,,,,3,,50,3,,3,1,,,,,1,,,,1,9,1,,,,1,1,,36,18,5,0,1,,1,1,10,1,1,10,1,3,10,1,1,10,1,1,3,2,2,1,3,2,6,1,2,0,6,5,1,,1,,,2,2,1,,1,1,1,,,2,2,3,3,3,"Rural","Remote Rural",184
5,4,,2,3,3,,1,,,1,,,,,1,,,,,,,,,,,,,,2,2,,1,10,1,15,2,2,,,,,2,100,,2,80,,,,,,,,,,,2,,,,,,,,1,1,2,,,,,1,1,,25,15,5,1,1,10,1,1,10,1,1,10,1,1,4,1,1,10,1,1,10,2,2,1,20,2,7,2,2,4,14,5,,2,,2,,,2,,,,1,1,,,2,1,2,4,6,"Rural","Accessible Rural",189
4,7,,1,3,2,,1,1,,,,,,,1,,,,,,,,,,,,,,4,2,,3,,3,,2,3,1,2,40,,2,44,,1,,,1,,,1,,,1,,,2,,,,,,,,1,1,,,1,,,1,1,,21,18,6,,1,,,,,,,,,1,,,2,,,1,,1,2,1,10,2,7,2,2,1,5,25,,1,,1,,1,1,,,,1,1,,,3,2,4,3,,"Urban","Large Urban Areas",191
4,6,,1,3,3,2005,,1,,,,,,,1,,,,,,,,,,,,,,4,2,,3,,2,,2,3,,3,,,3,,,,,,,,,,,,,,,3,,,,,,,,1,1,5,1,,,,1,1,,35,0,4,1,1,2,,,,,,,1,1,1,1,1,1,1,1,2,2,2,1,17,2,6,1,1,0,35,5,1,2,,,,1,2,,,1,2,1,,1,4,1,3,3,4,"Urban","Other Urban Areas",197
2,4,,1,4,2,,,1,,,,,,,,1,1,,,,,,,,,,,,2,2,,3,,3,,2,3,,3,152.44,,3,168.68,,1,,,1,,,1,,,1,,,2,,,,,,,,1,1,3,,,,,1,1,,48,2,4,1,1,10,,,10,1,1,10,1,2,10,,,10,1,1,10,1,2,1,5,2,3,1,2,,5,5,,2,,1,,,1,,,1,1,1,,,2,2,2,3,4,"Urban","Accessible Small Towns",199
3,4,,1,3,1,1990,,,,1,,,,,,,,1,,,,,,,,,,,,2,,3,,3,,3,3,,,,,5,,,3,,1700,,,,,,,,,,2,,,,,,,,1,,,,,,1,1,1,1,26,26,7,1,1,3,1,1,3,1,1,3,1,1,3,1,1,10,2,1,3,3,2,1,7,1,7,2,2,3,4,20,1,3,,,,4,4,1,,1,2,,1,,3,,4,4,6,"Rural","Accessible Rural",200
3,4,,1,4,3,2009,,,,1,,,,,,,1,,,,,,,,,,,,3,2,,1,3,1,3,2,1,1,,,,2,35,,3,,1000,,,,,,,,,,2,,,,,,,,1,1,8,1,,,,1,1,,40,15,6,1,1,3,,,,1,1,3,1,1,3,1,1,3,1,1,3,3,2,1,5,1,6,1,2,0,7,10,,3,,1,,,1,,,,2,1,,,3,3,4,3,5,"Rural","Accessible Rural",202
4,4,,1,4,3,,1,1,,,,,,1,,,,,,,,,,,,,,,2,2,,3,,3,,2,3,1,3,,5698,3,,2169,,,,,,,,,,,,,2,,,,,,,,1,1,9,,,1,1,1,1,,22,5,6,1,1,,0,,,0,,,1,1,,1,1,,1,1,,3,2,1,10,1,5,1,1,5,7,10,0,5,1,1,0,0,5,,,1,2,0,1,0,2,6,3,3,5,"Rural","Remote Small Towns",206
2,5,,1,2,2,2008,,1,,,,,,,,1,,,,,,,,,,,,,4,2,,3,,2,,2,3,,2,,,2,,,,,,,,,,,,,,,2,,,,,,,,1,1,8,1,,,,1,1,,30,10,5,2,1,10,,,,1,1,10,1,3,10,,,,1,1,10,1,2,1,2,2,5,2,1,0,7,5,,3,,2,,,1,1,1,,2,1,1,1,2,4,1,3,8,"Urban","Large Urban Areas",210
1,3,1,1,1,1,,1,1,,,,,,,1,,,,,,,,,,,,,,1,2,,3,,3,,3,3,1,2,41,,2,30,,1,,,1,,,1,,,1,,,2,,,,,,,,1,1,6,,,,,1,1,,22,0,4,0,,,1,3,10,0,,,0,,,0,,,1,3,10,2,2,1,1,3,7,3,1,,14,10,,1,,1,,,1,,,,1,,,,1,2,1,4,4,"Urban","Large Urban Areas",217
3,6,,1,4,2,2000,,1,,,,,,,1,,,,,,,,,,,,,,1,2,,3,,3,,2,3,1,2,35,,2,68,,1,,,1,,,1,,,1,,,2,,,,,,,,1,1,2,1,,,,1,1,,17,12,6,1,1,10,0,,,0,,,0,,,0,,,1,1,3,2,2,1,6,2,6,1,2,9,16,8,1,1,,,,1,1,1,,,4,1,,,3,4,4,3,6,"Urban","Large Urban Areas",221
3,5,,1,3,2,,1,,,1,,,,1,,,,,,,,,1,,,,1,"Mobile gas heater",2,2,,3,,3,,2,3,1,1,,,2,36,,3,,1000,1,,,1,,,1,,,2,,,,,,,,1,1,5,1,,,,1,1,,28,6,6,1,1,10,0,,,0,,,1,1,10,0,,,1,1,2,2,2,1,10,2,7,1,1,1,21,8,1,1,,1,,,1,1,,2,,1,,1,3,3,3,3,15,"Rural","Accessible Rural",233
2,4,,1,4,3,,,1,,,,,,1,,,,,,,,,,,,,,,6,2,,3,,1,,2,3,1,2,65,,2,65,,1,,,1,,,1,,,1,,,,,,,,,,,,,,,,,,,,,,,,,,,,,,,,,,,,,,,,,,1,2,1,6,2,7,2,1,0,14,5,0,1,0,1,0,0,1,0,0,2,2,2,0,,2,1,1,2,5,"Rural","Remote Small Towns",234
2,1,,1,3,3,2001,,,,1,,,,,1,,,,,,,,,,,,,,6,,,,,,,,,,,,,,,,,,,,,,,,,,,,2,,,,,,,,1,1,4,,,,,1,1,,25,15,7,0,,,1,1,10,2,2,10,1,3,10,1,1,10,1,1,10,2,2,1,2,2,7,2,2,0,4,10,,,,1,,,2,1,,2,1,,,1,2,1,3,3,15,"Rural","Remote Rural",235
3,4,,1,4,1,2009,,,,,1,,,,,1,1,,,,,,1,,,,,,4,2,,3,,3,,2,3,,1,,,4,1040,,1,,,4,1500,,1,,,1,,,1,,,,,,,,1,1,6,,1,,,1,3,,60,50,6,,,,1,1,10,1,1,10,1,1,10,0,,,1,,,1,2,1,3,2,6,1,1,2,14,5,,3,,,,1,1,,,1,1,1,,,2,,2,2,6,"Rural","Accessible Rural",239
2,4,,1,4,3,2005,,,,1,,,1,,,,1,,,,,,,,1,,,,4,,,,,,,,,,,,,,,,,,,,,,,,,,,,2,,,,,1,,,,1,6,1,,,,1,1,,40,15,7,1,1,2,1,1,2,,,,1,2,3,0,,,1,1,1,1,1,1,5,1,6,1,1,1,4,5,,2,,1,,,1,1,,1,1,1,,,2,2,3,4,4,"Rural","Remote Rural",244
2,6,,1,3,1,2009,,1,,,,,,,,1,1,,,,,,,,,,,,1,2,,3,,3,,2,3,1,2,46,,2,37,,1,,,1,,,1,,,1,,,2,1,,,,,,,,1,7,,,,,1,1,,28,17,7,1,1,3,0,,,0,,,1,1,3,0,,,1,1,1,3,2,1,3,1,5,1,1,4,8,15,2,,,1,,1,1,,,,2,1,,,2,6,4,4,3,"Urban","Other Urban Areas",247
2,6,,1,3,2,,1,,1,,,,,,,,,,,,,1,,,,,,,4,,,,,,,,,,,,,,,,,,,,,,,,,,,,2,,,,,,,,1,1,2,,,,,1,1,,21,15,2,,1,10,0,,,0,,,,1,10,1,1,10,,1,10,2,2,1,4,2,6,1,1,2,5,5,0,3,0,0,0,1,2,0,0,0,2,1,0,1,2,1,3,3,2,"Urban","Accessible Small Towns",249
4,4,,1,3,1,2004,,1,,,,,,,1,,,,,,,,,,,,,,2,2,,3,,3,,2,2,,2,105,,2,70,,1,,,1,,,1,,,1,,,1,,,,,,1,,,1,1,,,,,1,1,,36,36,7,1,1,10,0,,,0,,,1,3,10,1,1,10,1,1,10,1,1,1,20,1,5,2,2,0,7,5,1,,1,,,2,2,,,,1,,,,3,6,4,4,4,"Urban","Large Urban Areas",250
2,1,,1,4,2,1991,,1,,,,,,1,,,,,,,,,1,,,,,,3,2,,3,,1,5,2,3,,2,,,2,,1,1,,,1,,,1,,,1,,,2,,,,,,,,1,1,6,,,1,,1,1,,33,22,5,1,1,10,0,,,0,,,1,3,10,1,2,10,1,2,10,2,2,1,3,1,6,2,3,0,5,5,22,1,,2,,1,1,,,4,1,1,1,2,2,2,1,4,1,"Rural","Accessible Rural",251
4,4,,1,4,2,,1,1,,,,,,,,,1,,,,,,,,,,,"5",2,2,,3,,3,,2,3,1,2,105,,2,100,,1,,,1,,,1,,,1,,,2,,,,,,,,1,1,,,,,,1,1,,48,31,6,1,1,3,0,,,0,,,1,3,10,1,2,10,1,2,3,1,2,1,8,2,6,1,1,1,25,15,,5,,1,,,,,,,1,,1,,2,2,3,3,5,"Urban","Other Urban Areas",252
3,5,,1,5,2,1997,,1,1,,,,1,1,,1,,,,,,,,,1,,,,1,2,,3,,3,,1,2,,2,70,,2,50,,,,,,,,,,,3,120,,3,,,,,1,,,,,,,,,,1,1,,19,19,6,,,,1,1,10,1,2,10,1,3,10,1,1,4,1,1,3,1,2,1,4,2,7,1,2,0,4,7,,2,,2,,,,,,2,,1,,,3,1,1,3,1,"Urban","Accessible Small Towns",259
3,4,,1,4,2,,1,1,,,,,,,,1,1,,,,,,,,,,,,3,2,,3,,3,,2,3,,2,80,,2,50,,,,,,,,,,,,,,2,,,,,,,,1,1,2,,,,,1,1,,25,20,4,1,1,10,,,,,,,1,3,3,1,3,10,1,1,3,1,2,1,4,1,6,1,1,1,7,7,,3,1,7,,,1,,,1,1,1,,,2,3,2,3,4,"Urban","Other Urban Areas",260
4,6,,1,3,2,,1,1,,,,,,1,,1,,,,,,,1,,,,,,4,2,,2,,2,,1,3,1,2,22,,2,62,,,,,,,,,,,,,,2,,,,,,,,1,1,6,1,,,,1,1,,18,18,6,1,1,2,0,,,0,,,1,1,3,0,,,1,1,10,1,1,1,7,2,6,1,1,0,7,5,,1,,,,1,1,,,,1,1,,,2,1,1,3,4,"Urban","Large Urban Areas",263
5,4,,1,3,1,,1,1,,,,,,,,,1,,,,,,,,,,,,2,2,,3,,3,,3,2,2,,,,,,,,,,,,,,,,,,,1,,,,,,,,1,,,,,,,1,1,,22,22,6,1,1,1,,,,,,,,,,1,1,5,1,1,3,3,2,2,10,1,7,1,1,,7,7,,1,,,,,1,,,2,,1,,,2,,4,3,1,"Rural","Remote Rural",265
2,7,,1,2,2,2010,,1,,,,,,1,,,,,,,,,,,,,,"3",3,2,,3,,3,,2,3,,2,24,,2,27,1,1,,,1,,,1,,,1,,,3,,,,,,,,1,1,9,,,,,1,1,,29,17,7,1,1,3,1,1,4,0,,,0,,,1,1,3,1,1,3,1,1,1,5,1,7,2,2,,7,4,,2,1,,,,,,,1,1,1,,,1,,4,4,6,"Urban","Other Urban Areas",267
4,7,,1,4,2,2008,,,1,,,,,,,,,,,,1,,1,,,,,,1,1,,1,3,3,,3,3,,1,,,2,140,,1,,,1,,,1,,,1,,,1,,,,,,,,1,1,9,,,,1,1,2,,38,28,3,1,1,10,0,,,0,,,1,3,10,1,1,10,1,1,10,2,2,1,5,1,7,2,3,2,16,4,1,1,,,,2,1,1,,1,1,1,,,3,3,3,2,3,"Rural","Accessible Rural",270
3,4,,1,4,3,,,,,1,,,,,1,,,,,,,,,,,,,,3,2,,3,,1,5,,3,1,1,,,2,60,,3,,900,1,,,1,,,1,,,2,,,,,,,,1,1,9,,,,,1,1,,62,10,5,1,1,3,0,,,0,,,1,3,10,0,,,1,1,10,3,2,1,3,2,6,2,2,0,7,5,,2,,2,,,1,,1,1,1,,,,3,3,3,3,3,"Rural","Accessible Rural",275
1,5,,1,1,1,1980,,1,,,,,,,1,,,,,,,,,,,,,,1,,,,,,,,,,,,,,,,,,,,,,,,,,,,3,,,,,,,,1,1,1,,,,,1,2,,21,14,7,1,3,10,0,,,0,,,0,,,0,,,1,1,10,2,2,1,2,2,7,1,1,1,4,10,1,1,,2,,,1,,,,1,,,,1,2,2,4,5,,,276
4,4,,1,5,2,2008,,,,1,,,,1,,,,,,,,,,,,,,,1,2,,3,,3,,2,3,1,1,,,2,65,,2,90,,1,,,1,,,1,,,1,,,,,,,,1,1,4,,,,,1,1,,26,24,7,1,1,3,1,1,3,1,1,3,1,1,10,1,1,10,1,2,10,2,2,1,3,3,7,2,1,4,7,5,2,4,1,2,,,1,,,2,2,1,1,,3,4,4,3,5,"Rural","Remote Rural",280
3,4,,1,4,3,2010,,1,,,,,,,,,1,,,,,,,,,,,,5,2,,3,,2,,2,3,,2,52,,2,76,,1,,,1,,,1,,,1,,,2,,,,,,,,1,1,9,,,1,,1,1,,22,0,1,1,1,2,1,1,1,1,2,10,1,1,10,1,1,10,1,1,10,2,2,1,2,1,6,1,2,0,6,7,,4,,2,,,,,,1,2,1,,,2,,4,3,6,"Urban","Accessible Small Towns",285
1,2,,1,2,1,1993,,,1,,,,,,,,,,,,1,,1,,,,,,2,1,,2,,2,,2,3,1,1,,,2,112,1471,1,,,1,,,1,,,1,,,2,,,,,,,,1,1,7,,,,,1,1,,25,3,5,1,1,2,0,,,0,,,0,,,1,1,5,1,1,3,2,2,1,3,2,6,3,3,0,7,10,,1,,1,,,1,,,1,1,1,,,1,2,1,2,5,"Rural","Accessible Rural",286
1,3,1,2,2,,,1,1,,,,,,1,,,,,,,,,,,,,,,1,2,,3,,3,,3,3,1,2,40,,,40,,,,,,,,,,,,,,1,,,,,,,,1,,,,,,,1,1,,18,3,7,1,3,10,0,,,0,,,1,3,10,1,1,10,1,1,10,1,2,1,3,2,6,2,1,2,4,25,2,,,2,,1,1,,,,1,,,,2,3,3,3,1,"Urban","Accessible Small Towns",288
2,5,,1,3,3,,,,1,,,,,,,,1,,,,,,,,,,,,1,2,,1,4,1,4,2,3,1,1,,,2,70,,1,,,1,,,1,,,1,,,3,,,,,,,,1,1,8,1,1,,,1,1,,28,13,6,1,1,10,1,2,10,1,2,10,0,,,1,1,10,1,1,2,3,2,1,3,2,6,1,1,1,5,10,1,1,,2,,,2,1,,1,1,1,,,2,2,3,3,4,"Rural","Accessible Rural",292
3,4,,1,3,2,,,1,,,,,,1,,,,,,,,,,,,,,,4,2,,3,,3,,2,3,1,2,53,2,2,43,,1,,,1,,,1,,,1,,,2,,,,,,,,1,1,2,,,,,1,1,,22,18,3,0,,,1,1,,1,1,10,1,1,,1,1,,1,1,,1,2,1,7,2,5,2,2,3,14,15,1,,,1,,,1,,,1,1,1,,,2,2,3,3,7,"Urban","Other Urban Areas",293
2,3,2,2,1,2,,1,,1,,,,,,,,,,,,1,,1,,,,,,6,1,,2,,2,,2,3,1,1,,,2,63,,1,,,1,,,1,,,1,,,1,,,,,,,,1,,,,,,,1,1,,13,1,5,1,2,7,0,,,0,,,0,,,0,,,1,1,7,2,2,1,5,2,6,3,1,0,7,20,,1,,,,1,,,1,1,1,1,,,1,1,1,2,5,"Urban","Large Urban Areas",294
4,1,,1,3,1,,,,,1,,,,1,,,,,,,,,,,,,,,2,2,,3,,3,,2,3,1,1,,,2,,,2,130,1,1,,,3,1100,,1,,,1,,,,,,,,1,1,7,,1,,,1,1,,20,12,7,1,1,2,0,,,1,2,10,1,2,10,1,1,10,1,1,3,1,1,1,9,2,7,1,1,2,1,5,,2,,,,2,1,,,,1,1,,,2,6,4,4,2,"Rural","Accessible Rural",295
2,4,,1,4,1,,1,,,,,1,,,,,,1,,,,,,1,,,,,1,1,,3,,3,,2,3,,1,,,3,300,,1,,,1,,,2,200,,1,,,2,,,,,,,,2,1,3,,,,,1,2,,55,18,4,0,,,,3,10,,3,10,0,,,1,3,10,,1,10,1,1,1,3,2,7,3,2,1,3,10,2,1,0,1,0,0,1,0,0,2,0,0,0,0,3,1,3,3,2,"Rural","Accessible Rural",298
3,5,,1,3,2,,1,,1,,,,,,,,,,,,,1,1,,,1,,,1,,,,,,,,,,,,,,,,,,,,,,,,,,,,2,,,,,,,,1,1,3,,,,,1,1,,19,3,6,1,1,3,0,,,0,,,1,2,10,0,2,,1,1,10,3,2,1,6,2,7,1,2,1,3,5,0,2,0,2,0,0,1,1,0,1,1,1,0,0,2,5,1,3,5,"Urban","Other Urban Areas",299
2,5,,1,2,2,2010,,1,,,,,,,,1,,,,,,,,,1,,,,2,1,,1,7,1,7,3,2,1,2,40,,2,30,,1,,,1,,,1,,,1,,,1,,,,,1,,,,1,6,,,,,1,2,,10,10,5,1,1,4,0,,,0,,,0,,,0,,,1,1,3,2,2,2,7,1,7,2,1,0,14,15,,2,,1,,,1,,,1,3,2,,1,2,2,2,2,6,"Urban","Accessible Small Towns",302
2,4,,1,3,1,,1,,,,,,1,,,,,,,,,,,,1,,1,"OIL CENTRAL HEATING TIED INTO WOODBURNER BU",2,6,"WOOD BURNING *SSE",3,,3,,2,3,,1,,,3,688,,3,0,0,1,,,1,,,1,,,2,,,,,1,,,,1,9,,,,,1,1,,25,25,7,1,1,2,0,,,2,1,2,0,,,0,,,2,1,10,4,,2,4,2,6,1,1,0,5,4,1,,,,,1,1,,,1,,1,,1,2,,4,4,4,"Rural","Accessible Rural",304
1,5,,1,3,2,,1,1,,,,,,,1,,,,,,,,1,,,,1,"GAS FIRE",2,2,,3,,3,,3,3,,2,57,,2,30,,1,,,1,,,1,,,1,,,2,,,,,,,,1,,,,,,,1,1,,20,14,1,1,2,10,,,,1,2,10,,,,,,,1,1,10,1,2,1,2,2,6,1,1,6,1,5,,1,,,,,1,,,1,,2,,1,2,4,2,4,0,"Rural","Remote Rural",305
4,4,,2,4,3,1997,,,1,,,,,,,,,,,,,,,,,,1,"Total Control heating",1,1,,2,,1,,2,2,1,1,,,2,100,,1,,,1,,,1,,,1,,,2,,,,,,,,1,1,5,1,,,,1,1,,11,11,7,1,1,10,0,,,0,,,1,4,10,1,3,10,1,3,10,2,2,1,1,2,7,2,2,2,3,10,1,1,0,1,0,0,1,0,0,1,1,0,0,0,2,2,3,3,5,"Rural","Remote Rural",317
2,7,,1,3,2,,1,1,,,,,,1,,,,,,,,,,,,,,,4,2,,1,4,1,4,2,3,1,2,52,,2,52,,1,,,1,,,1,,,1,,,2,,,,,,,,1,1,3,,,,1,1,1,,31,,5,1,1,3,0,,,0,,,1,3,,1,1,,1,1,,2,2,1,5,1,7,1,1,0,8,5,0,4,0,2,0,0,1,0,0,2,2,1,0,0,1,1,2,2,6,"Urban","Accessible Small Towns",319
3,4,,2,3,3,,1,1,,,,,,1,,,,,,,,,,,,,,,4,2,,3,,3,,2,3,1,2,50,,2,50,,1,,,1,,,1,,,1,,,2,,,,,,,,1,1,5,1,,,,1,1,,20,0,5,1,1,10,,,,,,,1,2,10,1,2,10,1,1,10,1,1,1,6,1,6,1,1,2,17,10,,2,,1,,,2,,,,1,,,,2,2,1,3,3,"Urban","Large Urban Areas",320
1,5,,1,3,2,,1,1,,,,,,1,,,,,,,,,,,,,1,"GAS FIRE",1,2,,3,,3,,2,2,1,2,,134,2,,1135,1,,,1,,,1,,,1,,,2,,,,,,,,1,1,2,,,,,1,1,,20,12,6,0,,,1,1,3,1,1,4,1,2,10,0,,,1,3,10,2,2,1,2,2,6,2,1,0,7,7,2,1,0,0,0,3,0,0,1,1,1,1,0,1,1,4,4,3,3,"Urban","Large Urban Areas",325
3,7,,2,2,3,,1,1,,,,,,,,,1,,,,,,,,,,,,3,1,,3,,3,,2,3,2,,,,,,,,,,,,,,,,,,,2,,,,,,,,1,1,6,1,,,,1,1,,16,3,6,1,1,10,0,,,0,,,0,,,0,,,1,1,10,2,2,1,7,2,7,1,2,3,12,5,,2,,1,,,1,,,1,1,1,,1,1,1,2,3,4,"Urban","Other Urban Areas",326
2,5,,2,2,2,,1,,1,,,,,,,,,,,,,,,,,,1,"ELECTRIC TOTAL CONTROL",7,1,,2,,3,,2,2,2,,,,,,,,,,,,,,,,,,,3,,,,,,,,1,1,,,,,,1,1,,17,12,7,1,2,10,0,,,0,,,0,,,1,,10,1,,10,2,2,1,4,1,7,1,2,7,5,15,0,3,0,2,0,0,1,0,0,2,2,2,0,1,2,3,3,4,2,"Rural","Accessible Rural",329
2,1,,1,2,3,,,,,1,,,,1,,,,,,,,,,,,,,,3,2,,3,,3,,2,3,1,,,,2,35,,3,513.2,837,,,,,,,,,,2,,,,,,,,1,1,6,,,,,1,1,,35,16,6,0,,,1,1,3,1,1,10,0,,,1,1,3,1,1,3,2,2,1,8,2,4,2,2,0,12,5,,1,,1,,,1,,,,2,1,,,2,1,2,3,2,"Rural","Accessible Rural",333
2,4,,1,3,1,2006,,,,1,,,,,1,,,,,,,,,,1,,,,4,2,,3,,3,,2,3,1,1,,,2,60,,2,130,,1,,,3,150,,3,100,,1,,,,,1,,,,1,8,,,1,1,1,1,,30,20,4,1,2,10,1,1,10,1,1,10,1,2,10,1,1,10,1,1,2,1,2,2,4,2,6,2,2,1,14,10,1,,,1,,,1,1,,1,2,1,,,2,2,2,3,2,"Rural","Remote Rural",334
2,5,,1,2,2,,1,,1,,,,,,,,,,,,,1,,,,,,,2,1,,2,,2,,2,3,1,1,,,2,70,,1,,,1,,,1,,,1,,,2,,,,,,,,1,1,6,,,,,1,1,,40,0,6,1,2,,0,,,0,,,1,2,,1,1,,1,1,,2,2,1,3,2,6,1,2,0,7,10,1,2,,,,1,1,,,,1,1,,,2,4,4,3,4,"Rural","Accessible Rural",346
1,3,2,1,1,1,1982,,1,,,,,,1,,,,,,,,,,,,,,,1,2,,3,,3,,2,3,1,3,,6000,2,46,,1,,,1,,,1,,,1,,,2,,,,,,,,1,,,,,,1,1,1,,24,5,6,1,1,10,0,,,0,,,1,1,3,1,1,5,1,1,10,2,2,1,2,2,7,3,2,0,7,10,,1,,,,1,1,,1,1,3,1,0,0,1,10,2,3,5,"Urban","Large Urban Areas",347
2,2,,2,2,1,2007,,1,,,,,,,,,1,,,,,,,,,,,,1,2,,3,,3,,2,1,1,2,48,,2,30,,1,,,1,,,1,,,1,,,2,,,,,,,,1,1,9,,,,,,,,65,3,7,1,1,10,0,,,0,,,1,2,10,,,,1,1,10,1,2,1,3,1,6,3,1,3,5,3,,2,,0,0,1,1,0,0,0,5,0,0,0,2,1,4,4,6,"Rural","Accessible Rural",349
3,1,,1,3,2,1992,,,,1,,,,1,,,,,,,,,,,,1,,,1,2,,3,,3,,2,3,,1,,,3,180,,3,,1000,1,,,1,,,1,,,3,,,,,,,,1,1,6,,,1,,1,1,,31,3,4,0,,,1,1,10,2,1,10,1,2,10,1,1,3,1,1,3,2,2,1,5,2,5,1,2,0,7,5,1,2,,,,2,1,,,1,1,1,,,3,4,3,3,5,"Rural","Remote Rural",351
5,4,,1,5,2,,,1,,,,,,1,,,,,,,,,,,,,,,4,2,,3,,3,,2,3,1,2,110,,2,110,,1,,,1,,,1,,,1,,,,,,,,,,,,,,,,,,,,,,,,,,,,,,,,,,,,,,,,,,1,2,1,6,2,6,2,1,0,7,7,,5,,3,,2,3,,,2,5,,,,5,4,2,2,3,,,352
2,1,,1,3,3,2003,,,,1,,,,,1,,,,,,,,,,,,1,"Radiators",6,2,,3,,3,,2,3,,1,,,2,69,,2,70,,1,,,1,,,1,,,2,,,,,,,,,1,7,,,,,1,1,,40,25,4,0,,2,1,1,10,2,1,10,1,1,10,1,1,10,1,1,10,2,2,1,5,2,2,2,1,1,7,10,2,1,,1,,,2,1,,1,1,1,,,2,2,3,3,4,"Rural","Accessible Rural",358
2,4,,1,3,3,2000,,,,1,,,,,1,,,,,,,,,,,,,,2,2,,3,,3,,3,3,1,1,,,2,30,,3,500,1000,1,,,1,,,1,,,3,,,,,,,,1,1,3,,1,1,,1,1,,36,3,6,1,1,10,,,,,,,,,,,,,1,1,10,3,2,1,5,2,5,2,1,2,7,5,0,4,0,0,0,0,2,,,1,2,1,0,0,2,1,1,2,5,"Rural","Accessible Rural",360
4,5,,2,3,3,,,1,,,,,,,1,1,,,,,,,,,,,1,"Combi Boiler",3,2,,1,4,1,16,2,1,1,4,,6090,4,,14626,,,,,,,,,,,,,1,,,,,,,,1,1,7,1,,,,1,1,,19,13,5,1,1,2,0,,,1,1,2,0,,,1,1,5,1,1,2,1,1,1,7,2,7,2,1,1,7,10,1,2,1,3,,,1,,,2,2,1,,,4,10,2,2,18,"Urban","Accessible Small Towns",361
2,5,,2,2,2,,1,,,,,1,,,,,,,,,,,,,,1,1,"COAL FIRE HEATING RADIATORS.",1,1,"COAL FIRE BACK BOILER",3,,3,,3,3,1,1,,,2,30,,1,,,1,,,3,30,,1,,,2,,,,,,,,1,1,6,,,,,1,1,,18,18,6,0,,,1,1,10,1,1,3,0,,,1,1,10,1,1,10,2,2,1,2,2,6,2,1,0,7,10,1,,,0,0,1,1,1,0,1,,,1,,2,2,4,3,3,"Rural","Accessible Rural",364
3,3,1,2,3,3,2009,,,1,,,,,,,1,,,,,,,,,,,,,7,1,,2,,3,,2,3,1,1,,,2,120,,1,,,1,,,1,,,1,,,1,,,,,,,,1,,,,,,,1,1,,20,20,7,0,,,1,1,2,1,1,3,1,1,3,0,,,1,1,4,2,2,1,6,1,5,2,1,0,6,5,0,1,0,1,0,0,0,0,1,0,1,0,0,0,1,1,4,1,3,"Urban","Large Urban Areas",371
2,4,,1,4,2,2010,,1,,,,,,,,1,,,,,,,,,1,,,,1,2,,3,,2,,2,3,1,2,71,,2,43,,1,,,1,,,1,,,3,80,,2,,,,,,,,1,1,9,,,,,1,1,,44,30,7,1,1,3,0,,,0,,,1,1,3,0,,,1,1,3,1,2,1,3,2,5,2,1,0,14,10,,6,,,,,,,,1,3,,,,2,1,4,1,4,"Rural","Accessible Rural",375
2,4,,1,3,3,,,1,,,,,,,1,,,,,,,,,,,,,,4,2,,1,2,2,,2,,,2,85,,2,96,,1,,,1,,,1,,,1,,,3,,,,,,,,1,1,2,,,,,1,1,,42,12,4,1,1,10,0,,,1,1,10,1,1,10,1,1,10,1,1,10,1,2,1,4,2,6,3,2,0,10,10,1,,,,,1,1,,,,1,,,1,2,1,1,4,3,"Rural","Accessible Rural",378
1,2,,2,1,2,2008,,,1,,,,,,,,,1,,,,,,,,,,,2,1,,2,,1,5,3,3,1,,,,3,280,,,,,,,,,,,,,,1,,,,,,,,1,1,5,1,,,,1,1,,13,6,7,1,1,1,0,,,0,,,0,,,1,1,5,1,1,3,2,2,1,2,1,6,2,2,1,5,10,,1,1,1,,1,1,,,,1,,1,,1,3,2,4,3,"Rural","Accessible Rural",380
2,1,,1,3,2,,,,,1,,,1,,,1,1,,,,,,,,,1,,,2,2,,3,,3,,2,3,,1,,,2,35,,4,1000,1,1,,,4,200,,4,100,,2,,,,,1,,,,1,,,,,1,1,,,,,6,1,1,,,,,,,,1,1,,,,,1,1,,3,2,1,4,2,7,2,2,1,7,10,,2,,,,3,1,,,,1,1,,,1,3,3,4,5,"Rural","Accessible Rural",381
2,2,,1,3,2,,1,1,,,,,,,1,1,,,,,,,,,,,,,1,2,,1,4,1,4,2,2,1,2,25,,2,30,,,,,,,,,,,,,,1,,,,,,,,1,1,1,,,,,1,1,,24,10,7,1,1,2,0,,,1,1,5,1,2,3,1,1,5,1,1,2,2,2,1,3,1,5,1,2,0,7,10,0,3,0,1,0,0,1,0,0,1,1,1,0,0,2,2,3,3,4,"Rural","Remote Small Towns",384
3,5,,1,4,2,,1,1,,,,,,,,1,1,,,,,,,,,,,,2,2,,3,,3,,3,3,,2,50,,2,60,,1,,,1,,,1,,,1,,,2,,,,,,,,1,1,9,,,1,,1,1,,26,3,7,1,1,10,,,,,,,1,2,10,1,1,5,1,1,4,1,2,1,3,2,6,2,3,1,7,5,2,1,,2,,,2,,,,3,1,,,3,,2,2,8,"Urban","Other Urban Areas",385
1,3,2,1,1,2,2011,,1,,,,,,,,,1,,,,,,,,,,,,4,2,,3,,1,10,2,3,2,,,,,,,,,,,,,,,,,,,,,,,,,,,1,,,,,,,1,1,,17,1,6,,1,2,,,,,,,,,,1,1,4,1,1,3,3,2,1,4,1,6,2,3,0,8,10,,1,,1,,,1,,,,1,,,,1,1,2,3,4,"Urban","Large Urban Areas",387
5,4,,1,6,2,2010,,1,,,,,,,,1,,,,,,,,,,,,,3,2,,1,5,3,,3,3,2,2,,,2,,,,,,,,,,,,,,,2,,,,,,,,1,1,9,1,,,,1,1,,48,20,5,,1,2,,,,,,,,1,3,,1,10,,1,3,2,2,1,15,3,6,3,1,7,6,10,,4,,2,,,3,,,1,2,,,,3,2,2,3,4,"Urban","Other Urban Areas",388
3,5,,1,3,3,,1,,,1,,,,,,,1,,,1,,,1,,1,,,,5,2,,3,,3,,3,3,1,,,,2,50,,3,500,,1,,,4,50,,,,,3,,,,,1,,,,1,,,,,,1,2,,25,20,6,1,1,10,0,,,0,,,0,,,0,,,1,1,1,2,2,1,4,1,7,2,2,,6,5,,2,,,,2,,,,1,3,1,,,3,5,3,1,2,"Rural","Accessible Rural",391
5,4,,1,4,2,2005,,,,1,,,,1,,,,,,,,,,,,,1,"Gas fire propane tank.",8,2,,3,,3,,3,3,1,1,,,2,65,,3,,2000,,,,1,,,1,,,2,,,,,,,,1,1,6,,,,1,1,1,,50,10,6,0,,10,1,1,10,2,1,10,1,3,10,1,2,10,1,1,10,2,2,1,7,2,7,1,2,0,7,5,1,1,1,1,,,2,1,,1,,1,,1,1,,4,4,4,"Rural","Accessible Rural",392
2,5,,1,2,2,2008,,1,,,,,,,,,1,,,,,,,,,,,,1,2,,3,,3,,2,3,1,2,61,580,2,45,319,,,,,,,,,,,,,3,,,,,,,,1,1,9,,,,1,1,1,,21,21,7,2,1,3,2,1,,0,,,1,1,,1,1,,1,1,,3,2,1,3,2,6,1,1,0,7,10,2,1,,1,,,2,,,1,2,1,0,1,2,6,1,2,4,"Rural","Remote Small Towns",393
3,4,,1,3,1,1996,,,,1,,,,1,,,,,,,,,1,,,1,,,4,2,,3,,2,,2,3,1,1,,,2,68,,3,1000,,1,,,1,,,1,,,2,,,,,,,,1,1,6,,1,1,,1,1,,36,6,5,0,,,2,2,10,1,1,10,1,3,,1,1,5,1,1,3,2,2,1,7,1,6,1,2,0,7,10,1,2,2,1,0,1,2,1,0,1,1,1,,1,3,3,3,4,3,"Rural","Accessible Rural",394
3,5,,1,3,2,,1,,1,,,,,,,,,,,,,1,,,,,,,3,1,,3,,3,,2,3,1,,,,2,150,,,,,,,,,,,,,,2,,,,,,,,1,1,2,,,,,1,1,,25,2,4,1,1,,0,,,0,,,1,1,,1,1,,1,1,,2,2,1,7,2,7,2,1,0,7,5,1,0,0,1,0,0,0,0,0,1,1,1,0,1,2,3,4,3,1,"Rural","Accessible Rural",395
1,3,1,2,2,,,1,1,,,,,,,,,,1,,,,,,,,,,,2,2,,3,,3,,3,3,2,2,,,2,,,,,,,,,,,,,,,3,,,,,,,,1,1,,,,,,1,1,,7,7,7,1,1,10,,,,,,,,,,1,1,10,1,1,10,2,2,1,3,2,7,1,2,,7,10,,2,,1,,,1,,,,1,,,,1,,1,3,4,,,396
1,1,,1,3,2,,1,1,,,,,,,,,1,,,,,,,,,,,,1,2,,3,,1,6,3,3,1,2,,,2,,,1,,,1,,,1,,,1,,,2,,,,,,,,1,1,7,,,,,1,1,,20,4,5,1,1,3,0,,,0,,,0,,,0,,,1,1,4,2,2,1,3,2,4,1,2,0,7,5,3,1,0,1,0,1,1,0,0,1,0,0,1,0,1,0,2,3,5,"Urban","Other Urban Areas",397
2,5,,1,3,1,,1,1,,,,,,1,,,,,,,,,,,,,,,1,2,,3,,1,10,2,3,1,2,108,,2,59,,1,,,1,,,1,,,1,,,1,,,,,,,,1,1,9,,,,1,1,1,,32,7,6,1,1,10,0,,,1,1,10,0,,,1,1,10,1,1,10,1,2,1,4,2,7,1,2,,7,3,1,1,,1,,,1,,,,1,,,,1,1,3,3,5,"Rural","Remote Small Towns",398
2,6,,1,2,2,,1,1,,,,,,1,,,,,,,,,,,,,,,5,,,,,,,,,,,,,,,,,,,,,,,,,,,,2,,,,,,,,1,1,1,,,,,1,1,,11,9,6,0,,,1,1,10,1,1,10,1,2,10,0,,,1,1,10,1,2,1,6,2,6,2,1,2,14,10,,2,,1,,1,,,,,2,1,,,2,4,1,2,2,"Rural","Remote Small Towns",402
3,4,,1,4,2,2010,,1,,,,,,,1,,,,,,,,,,,,,,1,2,,3,,3,,2,3,,2,75,,2,75,,1,,,1,,,1,,,1,,,2,,,,,,,,1,1,7,,1,,,1,1,,53,22,7,1,1,5,0,,,0,,,1,3,10,1,1,5,1,1,5,1,2,1,9,2,5,1,2,0,7,5,1,3,,2,,1,1,1,,1,2,1,,1,3,3,2,3,3,"Rural","Accessible Rural",404
2,6,,1,4,1,2010,,1,,,,,,1,,,,,,,,,1,,,,,,3,2,,3,,3,,2,3,,2,50,,2,110,,1,,,1,,,1,,,1,,,,,,,,,,,,,,,,,,,,,,,,,,,,,,,,,,,,,,,,,,1,1,1,4,1,6,2,1,7,7,5,2,2,,1,,,2,1,,3,4,1,1,1,2,3,3,1,2,"Rural","Accessible Rural",411
2,5,,2,2,2,,1,,1,,,,,,,,,,,,1,,1,,,,1,"Haloeen heater (portable)",5,1,,2,,1,10,2,3,1,1,,,2,80,,1,,,1,,,1,,,1,,,2,,,,,,,,1,1,9,,,,1,1,1,,17,15,5,1,1,10,0,,,0,,,0,,,1,2,10,1,2,10,2,2,1,3,2,6,2,3,0,6,5,,1,,,,,1,1,,2,2,1,1,1,2,2,3,3,1,"Rural","Accessible Rural",414
2,6,,1,3,2,,1,,1,,,,,,,,,,,,,1,1,,,,,,1,1,,2,,2,,2,3,1,,,,2,80,,,,,,,,,,,,,,3,,,,,,,,1,1,3,,,,,1,1,,12,5,4,0,,,1,1,10,1,1,10,0,,,2,1,10,1,1,10,3,2,1,4,2,5,2,1,4,6,7,3,,,,,2,1,1,,1,,1,,1,2,1,3,2,3,"Urban","Accessible Small Towns",415
2,3,2,1,2,3,,1,1,,,,,,,,,1,,,,,,,,,,,,1,2,,3,,1,10,3,3,1,1,50,,1,50,,1,,,1,,,1,,,1,,,,,,,,,,,,,,,,,,,,,,,,,,,,,,,,,,,,,,,,,,1,2,1,3,1,5,2,2,0,8,10,0,1,0,0,0,1,3,0,0,0,2,0,0,0,2,2,4,3,3,"Urban","Accessible Small Towns",417
4,1,,1,3,2,,,,,1,,,,,,,1,,,,,,,,,,,,2,2,,1,3,2,,2,3,,,,,2,50,,3,2000,,,,,,,,,,,2,,,,,,,,1,1,2,,,,,1,1,,19,3,7,,,,1,1,10,1,1,10,1,3,10,1,1,,1,2,10,2,2,1,6,2,7,2,3,,2,15,1,3,,1,,1,1,,,1,1,1,,1,3,3,2,2,5,"Rural","Remote Rural",422
2,1,,1,4,2,,1,1,,,,,,,1,,,,,,,,,,,,,,1,2,,3,,3,,3,3,1,2,,440,2,,1645,1,,,1,,,1,,,1,,,2,,,,,,,,1,1,9,,,,,1,1,,64,7,5,1,1,10,1,1,10,1,1,10,1,3,10,1,1,10,1,1,10,2,2,1,5,2,6,2,1,3,11,8,,2,,,,1,1,,1,1,1,1,,,3,3,4,3,2,"Rural","Remote Small Towns",425
2,4,,1,4,1,,1,,,1,,,,,,,1,,,,,,,,,,,,1,2,,3,,3,,2,3,1,1,,,,737.86,5806,3,4500,,3,80,,3,100,,,,,2,,,,,,,,1,1,8,,,,,1,1,,50,40,6,1,1,,0,,,1,1,3,1,3,10,0,,,1,1,3,1,1,1,5,2,7,1,1,1,7,5,1,0,0,0,0,1,1,1,0,1,1,1,0,1,2,2,3,1,5,"Rural","Accessible Rural",428
4,5,,1,4,2,2010,,,,1,,,,,,1,,,,,,,,,,,,,3,2,,3,,1,,2,3,,1,,,5,50,,4,500,,,,,,,,,,,1,,,,,,,,1,,,,,,,1,1,,60,5,2,1,1,2,,,,,,,1,1,3,1,1,3,1,1,3,2,2,1,4,2,7,2,1,1,3,10,,1,,,,1,,1,1,,,1,1,,2,2,3,4,15,,,433
1,7,,2,1,2,,1,,1,,,,,,,,,,,,,1,1,,,,,,3,,,,,,,,,,,,,,,,,,,,,,,,,,,,2,,,,,,,,1,1,5,1,,,1,1,1,,17,9,3,1,1,3,0,,,0,,,0,,,0,,,1,1,3,3,2,1,4,1,4,1,1,0,7,5,2,1,0,1,0,0,1,0,0,0,1,1,0,1,2,3,4,2,5,"Rural","Remote Rural",435
3,1,,1,3,2,,1,1,,,,,,,,,1,,,,,,,,,,,,1,2,,3,,2,,2,3,,2,50,,2,50,,,,,,,,,,,,,,2,,,,,,,,1,1,,,,,,1,1,,57,57,6,1,1,3,0,,,0,,,1,4,3,1,1,10,1,1,1,1,2,1,7,1,5,2,3,0,3,15,,1,,1,,,,,1,2,1,1,,,3,,3,3,2,"Urban","Other Urban Areas",437
2,8,,1,4,1,1990,,,,1,,,,,,,1,,,,,,,,1,,,,1,2,,3,,3,,2,2,1,1,,,2,35,,2,180,,1,,,1,,,1,,,2,,,,,1,,,,1,8,,,,,1,1,,28,28,7,2,1,3,0,,,0,,,1,2,3,1,1,3,1,1,3,3,2,1,2,1,7,2,2,0,6,3,1,1,,1,,1,1,1,1,1,1,1,,1,1,2,3,4,2,"Rural","Remote Rural",439
4,1,,1,3,2,1990,,1,,,,,,1,,,,,,,,,,,,,,,1,2,,1,10,1,10,2,3,1,2,189,,,,,,,,,,,,,,,,,2,,,,,,,,1,1,2,,,,,1,1,,40,0,7,0,,,1,1,10,1,1,10,1,3,10,1,1,10,1,1,10,2,2,1,8,1,7,1,2,2,7,10,3,1,,1,,,1,1,,,1,1,,1,4,2,1,3,5,"Rural","Remote Rural",440
4,4,,1,5,1,2011,,,,1,,,,,,,1,,,,,,1,1,1,,,,1,2,,3,,3,,2,3,,,,,2,22,,3,,2000,,,,,,,3,140,,2,,,,,,,,1,1,8,,1,1,1,1,1,,51,51,7,1,1,3,0,,,0,,,0,,,0,,,1,1,3,4,3,1,10,2,7,2,1,2,7,10,,,,,,,,,,,2,1,,,2,1,4,4,0,"Rural","Accessible Rural",442
2,4,,1,4,3,,,1,,,,,,,1,,,,,,,,,,,,,,1,2,,,4,,4,2,3,1,2,44,,2,44,,1,,,1,,,1,,,1,,,2,,,,,,,,1,1,7,1,,1,,1,1,,31,8,6,1,1,4,0,,,1,1,10,0,,,0,,,1,1,10,1,2,1,5,1,6,1,1,0,7,10,2,1,1,1,0,0,1,1,1,0,2,1,0,1,2,4,3,3,3,"Urban","Accessible Small Towns",443
5,4,,1,4,2,1990,,,,1,,,,,,,1,,,,,,,,1,,,,1,2,,3,,1,5,2,3,1,1,,,3,150,3,3,,2132,1,,,1,,,3,100,,2,,,,,,,,1,1,4,,,,,1,1,,40,15,6,0,,,1,1,10,1,1,3,0,,,,,,1,1,3,2,2,1,7,2,6,2,1,7,20,2,1,1,1,,,1,2,,,1,2,1,,,2,2,3,3,2,,,446
4,5,,1,3,2,,1,1,,,,,,,,,1,,,,,,,,,,,,7,2,,3,,2,,2,3,1,2,30,3295,2,55,3224,,,,,,,,,,,,,2,,,,,,,,,1,2,,,,,1,1,,30,2,7,1,1,10,,,,,,,,,,1,1,5,1,1,3,1,2,1,14,2,7,1,1,0,28,10,,3,,2,,,1,,,1,,,,,2,2,2,4,8,"Urban","Large Urban Areas",449
2,4,,1,4,2,1998,,,,1,,,,,,1,,,,,,,1,,,1,,,1,2,,3,,1,,1,3,1,1,,,2,68,,2,75,,1,,,3,70,,1,,,2,,,,,,,,1,1,6,,,,,1,1,,32,8,7,0,,,1,2,10,1,1,10,1,3,10,1,1,10,1,1,2,2,2,1,7,2,7,1,1,0,7,7,,1,,,,1,1,,,,1,1,,,2,2,4,3,3,"Rural","Remote Rural",451
5,5,,2,4,1,,1,1,,,,,,1,,,,,,,,,,,,,,,4,2,,3,,3,,2,3,2,,,,,,,,,,,,,,,,,,,2,,,,,,,,1,,,,,,,,,1,20,17,7,0,,,1,1,2,1,2,10,1,1,3,0,,,1,1,3,3,2,1,7,1,6,2,2,0,7,7,,2,,1,,,1,,,1,2,1,,,5,4,3,4,4,"Urban","Other Urban Areas",452
2,6,,1,1,2,,1,1,,,,,,,1,,,,,,,,,,,,,,1,2,,1,5,1,8,2,3,,3,150,,3,130,,,,,,,,,,,,,,2,,,,,,,,1,1,1,,,,,1,1,,15,10,6,1,1,,0,,,0,,,0,,,0,,,1,1,,1,2,2,3,1,6,1,1,6,1,10,,1,,,,,1,1,,,2,1,,,2,5,4,3,1,"Urban","Large Urban Areas",457
2,5,,2,3,2,,1,1,,,,,,1,,,,,,,,,,,,,,,5,2,,2,,1,5,2,3,,,,,,,,1,,,1,,,1,,,1,,,3,,,,,,,,1,,,,,,,,,1,57,2,6,0,,,1,3,10,2,3,10,1,3,10,1,3,10,1,3,10,1,2,2,7,2,6,2,1,0,7,15,0,2,0,0,0,1,1,0,0,0,2,0,1,0,2,1,3,3,1,"Urban","Accessible Small Towns",460
1,3,1,1,1,1,,1,,1,,,,,,,,,,,,1,,,,,,,,1,1,,2,,2,,3,2,1,,,,3,180,,,,,,,,,,,4,500,,2,,,,,,,,1,1,4,,,,,1,1,,7,7,7,1,1,3,,,,,,,1,3,10,1,1,10,1,1,10,2,2,1,3,1,6,1,1,3,4,10,1,,,,,1,1,,,1,,,,,1,6,3,3,,"Rural","Remote Small Towns",465
1,3,2,1,2,3,,,1,,,,,,1,,,,,,,,,,,,,,,1,2,,3,,3,,2,3,1,3,95,,3,110,,,,,,,,,,,,,,2,,,,,,,,1,,,1,,1,1,1,1,,20,3,7,1,1,10,0,,,0,,,0,,,0,,,1,1,10,2,2,1,3,1,7,3,1,0,7,2,1,,,1,,,1,1,,,3,2,,,4,4,3,4,3,"Urban","Large Urban Areas",468
3,3,1,1,2,1,2009,,1,,,,,,,,,1,,,,,,,,,,,,,2,,3,,3,,3,3,1,2,30,,2,31,,,,,,,,,,,,,,2,,,,,,,,1,1,,1,,,,1,1,,2,0,7,0,,,1,1,,1,1,,0,,,0,,,1,1,,1,2,1,3,2,6,3,1,1,6,5,,2,1,1,,1,1,,,,1,,,,3,2,4,3,3,"Rural","Remote Small Towns",471
3,7,,2,3,3,,1,1,,,,,,,1,,,,,,,,1,,,,,,2,2,,3,,3,,3,3,1,2,50,,2,55,,1,,,1,,,1,,,1,,,2,,,,,,,,1,1,6,1,,1,1,1,1,,33,15,2,1,1,3,0,,,1,1,10,0,,,0,,,1,1,2,3,2,1,8,1,5,2,1,0,21,12,,5,,2,,,3,1,,1,2,1,,,3,6,2,3,6,"Urban","Accessible Small Towns",473
4,1,,1,3,1,2006,,,,1,,,,,,,1,,,,,,,,,,,,6,2,,3,,2,,2,3,1,1,,,3,230,,3,1700,,3,50,,1,,,3,70,,1,,,,,,,,1,1,6,,,,,1,1,,56,18,6,2,1,10,0,,,0,,,1,2,10,1,1,10,1,1,3,1,2,1,4,2,5,1,2,0,7,5,2,1,,1,,,1,,,1,1,1,,,3,,2,3,3,"Rural","Remote Rural",481
2,4,,1,4,1,,1,,1,,,,,,,,,,,,,1,1,,,1,,,1,1,,2,,2,,2,3,1,,,,2,150,,,,,,,,3,15,,,,,2,,,,,,,,1,1,9,,,,,1,1,,60,50,6,1,1,2,0,,,1,1,10,1,1,,,,,1,,2,3,2,1,4,2,6,2,1,0,7,10,1,,1,2,,,2,,,1,2,2,1,1,2,1,3,3,4,"Rural","Accessible Rural",482
2,2,,1,2,2,1998,,,,1,,,,1,,,,,,,,,,,1,,,,4,2,,3,,2,,1,3,,1,,,2,60,,3,3000,,1,,,3,50,,1,,,2,,,,,1,,,,1,7,,,1,,1,1,,18,16,6,0,,,1,1,3,1,2,10,1,3,10,0,,,1,1,2,3,2,1,5,1,5,2,1,0,7,4,1,,,,,1,1,,,2,2,2,1,1,2,10,4,3,2,"Rural","Accessible Rural",483
1,7,,1,1,1,1999,,,1,,,,1,,,,,,,,,,1,,,,1,"Wood burning stove",1,6,"Wood burning stove",3,,3,,3,3,1,1,,,2,30,3460,1,,,1,,,3,120,,3,60,,2,,,,,,,,1,1,7,,,,,1,1,,11,6,7,1,1,3,0,,,0,,,0,,,0,,,1,1,4,1,2,2,3,2,6,1,2,5,5,5,,1,,,,1,1,,,,1,,,,1,,4,4,4,"Rural","Accessible Rural",485
2,7,,1,3,1,2010,,,,1,,,,,,1,1,,,,,,,,1,1,,,1,2,,3,,,,2,2,1,1,,,2,39,,2,100,,,,,2,30,,1,,,2,,,,,,,,1,1,3,,1,,1,1,2,,21,21,6,0,,,1,1,3,1,1,3,0,,,0,,,1,1,2,3,2,1,3,2,5,1,1,1,6,10,1,,,,,1,1,,,1,1,1,,1,2,2,4,3,2,"Rural","Accessible Rural",488
3,4,,1,6,2,2004,,1,,,,,,,,1,,,,,,,,,,,,,5,2,,3,,1,5,2,3,1,2,98,2,2,88,,1,,,1,,,3,,,1,,,2,,,,,,,,1,1,9,1,,,,1,1,,65,50,4,,,,1,1,10,1,1,10,,,,1,2,10,1,1,2,1,2,1,5,2,6,2,1,1,7,5,2,2,,2,,,1,1,1,1,1,1,,,3,3,3,3,4,"Urban","Accessible Small Towns",489
1,3,2,1,2,2,,1,,1,,,,,,,,,,,,,,,,,,1,"Under floor",3,1,,2,,1,6,2,3,1,1,,,3,160,,1,,,1,,,1,,,1,,,2,,,,,,,,1,,,1,,,1,1,1,,20,3,6,0,,,1,1,10,1,1,7,0,,,0,,,1,1,10,2,2,1,3,1,5,1,2,1,7,15,,1,,,,,1,,1,1,2,1,,1,1,2,2,4,4,"Urban","Large Urban Areas",490
2,1,,1,3,1,2011,,,,1,,,,1,,,,,,,,,,,,,1,"Rayburn",3,2,,3,,1,,1,2,1,1,,,2,81,,3,600,,1,,,1,,,1,,,2,,,,,,,,1,1,9,,,,1,1,1,,13,10,7,1,1,4,,,,2,1,4,1,2,3,0,,,1,1,3,4,3,1,2,2,7,2,2,1,3,10,,1,,,,,1,,,1,1,,1,,1,2,4,3,3,"Rural","Remote Rural",491
2,6,,1,4,1,1981,,,,1,,,,1,,,,,,,,,,,,,,,2,1,,3,,3,,2,3,1,,,,2,85,,3,550,,,,,,,,,,,2,,,,,,,,1,,,,,,,1,1,,40,20,6,1,1,10,1,1,3,1,1,4,1,3,4,1,1,5,1,1,5,2,2,1,6,2,7,2,1,0,7,5,4,,1,,,5,1,,,,1,1,,1,2,3,4,3,3,"Rural","Accessible Rural",493
1,3,1,2,2,2,,,1,,,,,,,,1,,,,,,,,,,,,,1,2,,3,,1,10,3,3,2,,,,,,,,,,,,,,,,,,,2,,,,,,,,1,1,2,,,,,1,1,,12,4,3,1,1,3,,,,,,,,,,,,,1,1,3,4,2,2,2,2,6,2,1,0,5,10,3,,,,,3,1,,,1,1,,,,2,,4,4,7,"Urban","Large Urban Areas",495
4,4,,1,4,3,2000,,1,,,,,,,1,,,,,,,,,,,,,,3,2,,2,,2,,2,3,2,,,,,,,,,,,,,,,,,,,3,,,,,,,,1,1,,1,,,,1,1,,27,17,3,1,1,10,1,1,10,1,1,10,1,1,10,1,1,10,1,1,10,1,2,1,3,3,7,2,2,2,14,15,1,2,1,1,,,1,,,,3,1,,,4,4,3,3,5,"Urban","Other Urban Areas",497
4,5,,1,4,2,2008,,1,,,,,,1,,,,,,1,,,,,,,,,3,2,,3,,3,,2,3,1,2,66,,2,55,,1,,,1,,,1,,,1,,,2,,,,,,,,1,1,7,,,,,1,1,,34,30,6,1,1,10,1,2,10,1,2,10,1,2,10,1,1,10,1,1,10,2,2,1,7,2,6,2,1,0,6,5,1,4,0,0,0,1,0,0,0,2,3,1,0,0,4,10,1,2,3,"Urban","Large Urban Areas",502
4,4,,1,4,1,2004,,1,,,,,,,1,,,,,,,,,,,,,"combi boiler",1,2,,3,,2,,2,3,1,2,,1420,3,200,,1,,,1,,,1,,,1,,,3,,,,,,,,1,1,1,,,,,1,4,,36,10,5,1,1,10,0,,,1,2,10,1,2,10,1,1,10,1,1,10,2,2,1,7,2,7,1,1,0,10,10,3,1,0,0,0,4,4,0,0,1,2,1,0,0,3,14,2,3,6,"Rural","Remote Small Towns",508
4,1,,1,4,3,2009,,1,,,,,,1,,,,,,,,,,,,,,,3,2,,3,,3,,3,3,1,2,70,,2,50,,1,,,1,,,1,,,1,,,3,,,,,,,,1,,6,,,,,,1,,10,6,5,1,1,4,0,,,1,1,10,1,2,4,1,1,3,1,1,1,1,2,1,2,2,7,2,2,2,7,5,,3,,2,,,1,,,1,1,1,0,0,3,1,1,1,5,"Rural","Accessible Rural",515
2,4,,1,6,1,1990,,,,1,,,,1,,,,,,,1,,1,,,1,,,3,2,,3,,,,2,3,1,1,,,2,55,,2,,4000,1,,,1,,,4,,500,,,,,,,,,,,,,,,,,,,,,,,,,,,,,,,,,,,,,,,,2,2,1,4,1,7,1,1,1,6,5,0,0,0,0,0,0,0,0,0,1,1,1,,,2,3,3,2,0,"Rural","Remote Rural",517
4,7,,1,4,2,2000,,,,1,,,,,,,1,,,,,,,,,,,,1,2,,3,,1,5,2,2,1,1,,,2,45,,2,75,,1,,,1,,,1,,,1,,,,,,,,1,1,3,,,,,1,1,,14,12,5,1,2,10,0,,,1,1,6,1,1,4,1,2,10,1,1,10,2,2,1,7,2,2,2,2,3,0,0,1,3,0,1,0,2,1,0,0,2,1,2,0,0,3,6,2,1,3,"Rural","Accessible Rural",519
2,1,,1,3,2,2010,,1,,,,,,1,,,,,,,,,,,,,,,1,2,,3,,3,,3,3,1,4,678.96,19456,4,568.39,4138,,,,,,,,,,,,,2,,,,,,,,1,1,4,,,,,1,1,,50,16,5,,,,2,1,3,2,3,3,1,,3,,,,1,1,3,1,2,1,3,2,7,1,2,0,14,4,1,4,,1,,1,1,,,,2,1,,,2,2,3,4,3,"Rural","Accessible Rural",524
2,3,2,2,3,1,,1,1,,,,,,,,1,,,,,,,,,,,,,2,2,,3,,3,,3,2,1,2,,,2,,,1,,,1,,,1,,,1,,,,,,,,,,,,,,,,,,,,,,,,,,,,,,,,,,,,,,,,,,3,2,1,2,1,7,3,1,,7,10,,1,,,,1,1,,,,1,,,,1,1,2,4,2,"Urban","Other Urban Areas",525
2,2,,2,2,2,,1,1,,,,,,,,,1,,,,,,,,,,,,3,2,,3,,3,,2,3,1,2,44.5,,2,44.5,,,,,,,,,,,,,,2,,,,,,,,1,1,9,1,,1,,1,1,,9,9,7,1,1,2,0,,,0,,,1,1,3,1,1,4,1,1,3,2,2,1,3,2,7,3,1,0,7,10,,1,1,1,,,2,,,1,2,1,1,1,2,1,3,2,6,"Urban","Large Urban Areas",528
4,6,,1,4,3,2008,,,,1,,,,,,,1,,,,,,1,,,,1,"underfloor heating",5,2,,,,2,,2,3,1,1,,,2,31,,3,,1200,1,,,1,,,1,,,2,,,,,,,,1,1,6,1,,,,1,1,,38,12,6,0,,,1,1,10,1,1,10,1,2,10,,,10,1,1,10,2,2,1,9,2,6,2,1,0,28,5,1,2,,,,3,1,1,,1,1,0,0,0,4,3,3,3,5,"Rural","Accessible Rural",530
3,4,,1,3,2,2009,,1,,,,,,,1,,,,,,,,,,,,,,1,2,,3,,3,,2,2,1,2,72,,2,48,,,,,,,,,,,,,,2,,,,,,,,1,1,9,1,,,,1,1,,25,12,6,,,,1,2,4,1,2,4,1,3,3,1,2,7,1,2,4,2,2,1,10,2,6,1,2,6,10,15,,,,,,,,,,,,,,,3,4,3,4,2,"Urban","Other Urban Areas",539
4,1,,1,3,2,2010,,1,,,,,,,,,1,,,,,,,,,,,,4,2,,3,,3,,2,3,,2,888.15,27611,2,682.94,5857,1,,,1,,,1,,,1,,,2,,,,,,,,1,1,5,1,,,,1,1,,40,26,6,1,1,3,0,,,1,1,10,1,2,3,1,2,10,1,2,10,1,2,1,10,2,7,1,1,4,8,5,,5,,2,,,4,,,1,1,1,,,3,5,2,3,6,"Rural","Remote Small Towns",547
2,1,,1,4,2,2010,,1,,,,,,,,1,1,,,,,,,,,,,,7,,,,,,,,,,,,,,,,,,,,,,,,,,,,2,,,,,,,,1,1,,,,,,1,1,,54,3,5,,,,1,1,1,1,1,1,1,1,1,0,,,1,1,1,3,2,1,4,2,7,1,2,1,18,10,,3,,1,,1,2,,,1,2,1,,1,2,3,2,2,5,"Urban","Large Urban Areas",549
3,4,,1,4,3,,,1,,,,,,,1,,,,,1,,,1,,,,1,"gas fire",2,2,,3,,3,,2,3,1,2,49,,2,39,,1,,,1,,,1,,,1,,,2,,,,,,,,1,1,5,1,,1,1,1,1,,34,5,6,1,1,10,0,,,0,,,1,3,10,0,,,1,1,10,1,2,1,4,2,7,2,1,0,7,10,0,2,1,2,0,0,3,1,0,1,1,1,0,1,3,6,2,3,4,"Urban","Other Urban Areas",551
1,3,1,1,1,1,,1,1,,,,,,,1,,,,,,,,,,,,,,4,6,"hot water tank link...",3,,3,,2,3,1,2,51,,2,31,,1,,,1,,,1,,,1,,,,,,,,,,,,,,,,,,,,,,,,,,,,,,,,,,,,,,,,,,3,2,2,3,1,6,3,1,1,7,15,,1,,,,,1,,,,1,,,,1,2,4,4,4,"Urban","Large Urban Areas",555
4,4,,1,3,2,,,1,,,,,,1,,,,,,,,,,,,,,,6,2,,3,,3,,2,3,1,2,80,,2,100,,1,,,1,,,1,,,1,,,,,,,,,,,,,,,,,,,,,,,,,,,,,,,,,,,,,,,,,,2,2,1,10,2,5,2,3,5,21,7,1,2,0,1,0,1,3,0,1,2,1,1,0,1,4,4,3,3,8,"Urban","Large Urban Areas",561
3,5,,1,3,1,1985,,1,,,,,,,,1,,,,,,,,,,,,,5,2,,3,,3,,2,3,1,2,97,,2,93,,1,,,1,,,1,,,1,,,2,,,,,,,,1,,,,,,,,1,1,56,0,7,1,1,10,,,,1,1,10,1,2,10,1,1,10,1,1,10,3,2,1,6,2,7,2,2,0,7,10,1,4,,1,,,4,1,,1,2,,1,,3,3,3,3,5,"Rural","Accessible Rural",562
2,1,,1,3,2,,1,,,1,,,,1,,,,,,,,,,,,,,,1,1,,3,,3,,1,3,1,1,,,2,86,,4,900,1000,3,26,,1,,,1,,,2,,,,,,,,1,1,1,,,,,1,1,,18,18,5,,,,1,1,3,1,1,2,0,,,1,1,10,1,1,1,1,2,1,5,1,6,1,1,0,7,10,,1,,1,,,1,,,1,,1,,,3,,3,2,4,"Rural","Accessible Rural",566
2,4,,1,4,2,,,1,,,,,,1,,,,,,,,,,,,,,,3,2,,3,,3,,2,3,,3,570,34639,3,117,3125,1,,,1,,,1,,,1,,,2,,,,,,,,1,1,4,1,,,,1,1,,28,10,7,1,1,,,,,1,1,,1,2,,0,,,1,2,10,1,2,1,2,2,7,1,1,0,5,7,1,,,1,,,1,,,1,,1,,1,2,1,4,3,1,"Urban","Accessible Small Towns",568
2,4,,1,3,3,,,1,,,,,,,,,1,,,,,,,,,,,,1,2,,3,,3,,2,3,1,2,21,,2,20,,1,,,1,,,1,,,1,,,2,,,,,,,,1,1,9,1,,,,1,1,,18,4,6,1,1,,1,3,,1,3,,1,1,,0,,,1,1,,1,2,1,4,1,7,2,2,0,7,10,0,2,0,1,0,0,2,0,0,2,1,1,0,0,2,5,4,4,4,"Rural","Accessible Rural",569
3,1,,1,4,2,,1,,,,1,,,1,,,,,,,,,,,,,,,1,6,"lpg",3,,3,,2,3,1,1,,,2,80,,1,,,3,500,,3,80,,1,,,1,,,,,,,,1,1,3,,,,,1,1,,38,15,6,1,1,10,0,,,1,2,10,1,1,3,1,1,10,1,1,10,2,2,1,4,2,7,2,1,0,9,5,0,4,1,1,,1,2,1,,1,6,2,1,0,4,10,2,3,1,"Rural","Accessible Rural",571
2,4,,1,4,3,,,,,1,,,,,1,1,,,,,,,,,,,,"gas fire (calor)",,2,,3,,1,18,3,3,1,1,,,3,112,,3,1414,,1,,,1,,,1,,,1,,,,,,,,1,1,6,1,,1,1,1,1,,34,8,6,2,1,10,0,,,0,,,1,3,10,1,1,10,1,1,10,2,2,1,4,2,6,2,3,0,7,8,,,1,1,,,1,,,1,1,1,,,2,1,,4,6,"Rural","Accessible Rural",575
2,1,,1,3,2,1998,,,,1,,,,1,,,,,,,,,,,,,,,2,2,,3,,3,,2,3,1,1,,,2,44,,2,122,,1,,,1,,,3,90,,2,,,,,,,,1,1,1,,,1,,1,1,,34,24,5,1,1,3,,,,1,1,4,1,,5,1,1,10,1,1,10,2,2,2,5,2,6,1,1,0,10,5,,2,,,,1,1,,,1,1,1,,,1,1,4,4,3,"Rural","Remote Rural",578
4,7,,1,2,2,1993,,1,,,,,,1,,,,,,,,,,,,,,,1,2,,3,,3,,2,3,1,2,,948,2,,661,1,,,1,,,1,,,1,,,2,,,,,,,,1,1,,,,,,1,1,,26,6,3,,,,1,1,10,1,2,10,1,3,10,1,2,10,1,1,10,2,2,1,15,2,3,1,1,3,10,50,2,1,,1,,,3,,,1,1,1,,,5,3,1,2,1,"Urban","Other Urban Areas",579
4,1,,1,4,3,2006,,,,1,,,,,1,,,,,,,,,,,,,,1,2,,3,,3,,3,2,1,,,,2,100,,2,100,,,,,,,,,,,1,,,,,,,,1,1,8,,,,,1,1,,27,10,4,1,1,4,1,1,10,,,,1,3,10,1,1,4,1,1,4,3,2,1,7,1,7,2,2,0,28,15,3,1,1,3,,1,1,,1,1,2,1,,1,4,4,3,2,,"Rural","Accessible Rural",581
2,4,,1,4,2,2006,,1,,,,,,1,,,,,,,1,,,,,,,,1,2,,1,5,1,10,3,3,1,2,45,,2,40,,1,,,1,,,1,,,1,,,3,,,,,,,,1,1,9,1,,,,1,1,,35,6,7,0,,,2,1,3,1,1,3,1,1,3,1,2,3,1,1,3,1,1,1,6,2,7,1,2,0,7,5,1,5,,,,6,4,,,1,1,1,,,2,,3,3,6,,,584
3,5,,1,3,2,,1,,,1,,,,,,,1,,,,,,,,,,,,1,2,,3,,3,,2,3,1,1,,,3,100,,4,,1500,,,,4,60,,3,,1500,2,,,,,,,,1,1,3,,,,1,1,1,,20,19,7,1,1,4,0,,,1,1,3,0,,,0,,,1,1,3,2,2,1,3,1,7,1,2,1,6,5,,3,,1,,,1,,,,1,,,,2,,1,2,4,"Rural","Remote Rural",588
2,5,,2,2,2,,,1,,,,,,1,,,,,,,,,,,,,,,4,2,,3,,3,,2,3,1,3,,,3,,,,,,,,,,,,,,,2,,,,,,,,1,1,,1,,,,1,1,,15,2,7,,,,1,1,,1,1,,1,3,,1,1,,1,1,,2,2,1,4,3,5,1,2,0,14,2,,2,,1,,,1,,1,1,,1,,1,2,1,1,1,6,,,593
4,5,,1,3,2,1987,,1,,,,,,1,,,,,,,,,,,,,,,4,2,,3,,3,,2,3,1,2,,35085,2,,6797,1,,,1,,,1,,,1,,,2,,,,,,,,1,1,5,1,,,,1,1,,27,14,3,2,1,4,0,,,0,,,0,,,1,1,10,1,1,10,1,2,1,14,2,6,2,1,7,7,10,3,2,,1,,4,,,1,1,,1,,1,4,4,3,3,6,"Urban","Large Urban Areas",598
3,3,2,2,3,3,,1,1,,,,,,,,,1,,,,,,1,,,,,,4,2,,3,,3,,2,3,1,3,90,,3,60,,1,,,1,,,1,,,1,,,1,,,,,,,,1,,,,,,,1,1,1,29,5,4,1,1,10,,,,,,,,,,,,,1,1,10,1,2,1,9,3,5,3,1,0,21,10,3,0,0,1,0,0,3,0,0,0,3,0,0,0,3,3,,3,5,"Urban","Large Urban Areas",602
4,5,,1,3,2,,1,1,,,,,,,1,1,,,,,,,,,,,,,1,2,,3,,3,,3,3,1,2,74,20773,2,71,6245,1,,,1,,,1,,,1,,,1,,,,,,,,1,1,8,1,,,1,1,1,,38,20,7,1,1,3,0,,,1,1,3,1,3,10,1,1,10,1,1,2,1,1,1,5,2,6,1,1,0,7,5,2,1,1,1,1,1,3,0,1,1,2,2,,2,4,3,2,3,3,"Urban","Other Urban Areas",607
2,4,,1,3,2,2011,,1,,,,,,1,,,,,,,,,,,,,,,4,2,,3,,3,,2,3,1,2,,53708,2,,37917,,,,,,,,,,,,,2,,,,,,,,1,1,,,,,1,1,1,,22,3,6,0,,,1,2,10,1,2,10,1,3,3,0,,,1,2,10,1,1,2,3,2,7,2,1,1,4,8,,1,,,,1,1,,,1,1,1,,1,2,1,1,2,3,"Rural","Remote Small Towns",609
3,4,,1,5,2,,1,,,1,,,,1,,,,,,,,,,,,,,,1,2,,3,,3,,2,3,1,,,,2,70,,3,,2500,,,,,,,,,,2,,,,,,,,1,1,8,,,,1,1,1,,44,20,7,1,1,10,1,2,10,1,1,,1,2,10,1,1,5,1,1,3,3,2,1,6,2,7,2,1,0,14,10,2,2,,1,,1,1,1,,1,1,1,,,2,7,3,4,3,"Rural","Remote Rural",612
2,4,,2,4,1,2007,,,,1,,,,,,,,1,,,,,1,,,1,,,1,1,,3,,3,,2,3,2,,,,,,,,,,,,,,,,,,,2,,,,,,,,1,,,,,,,1,1,,17,17,7,1,1,10,,,,,,,1,1,10,1,1,10,1,1,1,2,2,1,3,2,7,2,2,0,7,10,,3,,,,,2,,,,1,1,,,2,5,2,4,2,"Rural","Remote Rural",624
3,1,,1,3,3,,,,,1,,,,,1,1,,,,,,,1,,1,,,,2,2,,3,,3,,2,3,1,1,,,3,500,,3,700,1,1,,,1,,,3,,,2,,,,,1,,,,1,4,1,,1,,1,1,,40,18,6,1,1,10,0,,,0,,,1,3,10,1,1,10,1,1,10,3,2,1,3,2,4,2,1,3,7,10,2,2,0,1,0,0,2,0,0,2,1,1,0,1,2,4,,,10,"Rural","Remote Rural",626
4,1,,1,3,2,,1,1,,,,,,1,,,,,,,,,,,,,,,5,2,,3,,1,10,2,2,1,2,68,,2,74,,,,,,,,,,,,,,2,,,,,,,,1,1,3,,,,,1,1,,50,0,6,,,,2,1,3,1,1,3,1,3,10,1,2,5,1,1,3,2,2,1,6,2,5,1,3,0,14,4,4,,,1,,,1,,,,2,,,,3,2,2,2,3,"Urban","Other Urban Areas",630
3,6,,1,2,3,,1,1,,,,,,1,,,,,,,,,,,,,,,4,2,,3,,2,,2,2,1,3,90,,3,50,,1,,,1,,,1,,,1,,,2,,,,,,,,1,1,9,,,,,,1,,15,10,7,1,1,3,,,,,,,1,1,1,,,,1,1,4,2,2,1,3,1,7,2,1,0,7,7,,1,,1,,,1,,1,,2,,1,1,2,2,3,3,4,"Urban","Large Urban Areas",636
3,5,,1,3,2,,1,1,,,,,,,1,,,,,,,,,,,,,,4,2,,3,,3,,2,3,1,2,,2500,2,,500,1,,,1,,,1,,,1,,,2,,,,,,,,1,,,,,,,1,1,,65,5,6,0,,,1,1,10,1,1,10,1,1,10,1,1,10,1,1,10,1,2,1,5,2,6,2,3,0,6,5,,2,,1,,,,,1,1,,,,,2,,3,3,,,,637
